# lane	repo	clone_url	stars	size_kb	description
c	woltapp/blurhash	https://github.com/woltapp/blurhash.git	17047	12283	A very compact representation of a placeholder for an image.
c	ImageMagick/ImageMagick	https://github.com/ImageMagick/ImageMagick.git	17024	199103	ImageMagick is a free, open-source software suite for creating, editing, converting, and displaying images. It supports 200+ formats and offers powerful command
c	tursodatabase/libsql	https://github.com/tursodatabase/libsql.git	16991	209146	libSQL is a fork of SQLite that is both Open Source, and Open Contributions.
c	skywind3000/kcp	https://github.com/skywind3000/kcp.git	16839	625	:zap: KCP - A Fast and Reliable ARQ Protocol
c	flipperdevices/flipperzero-firmware	https://github.com/flipperdevices/flipperzero-firmware.git	16359	79798	Flipper Zero firmware source code
c	davatorium/rofi	https://github.com/davatorium/rofi.git	16274	32119	Rofi: A window switcher, application launcher and dmenu replacement
c	libsdl-org/SDL	https://github.com/libsdl-org/SDL.git	16187	144619	Simple DirectMedia Layer
c	shadowsocks/shadowsocks-libev	https://github.com/shadowsocks/shadowsocks-libev.git	16184	10894	Bug-fix-only libev port of shadowsocks. Future development moved to shadowsocks-rust
c	bol-van/zapret	https://github.com/bol-van/zapret.git	15909	20431	DPI bypass multi platform
c	winsiderss/systeminformer	https://github.com/winsiderss/systeminformer.git	15467	96144	A free, powerful, multi-purpose tool that helps you monitor system resources, debug software and detect malware. Brought to you by Winsider Seminars & Solutions
c	gojue/ecapture	https://github.com/gojue/ecapture.git	15387	16581	Capturing SSL/TLS plaintext without a CA certificate using eBPF. Supported on Linux/Android kernels for amd64/arm64.
c	acidanthera/OpenCorePkg	https://github.com/acidanthera/OpenCorePkg.git	15290	245507	OpenCore bootloader
c	peng-zhihui/Dummy-Robot	https://github.com/peng-zhihui/Dummy-Robot.git	15253	80730	我的超迷你机械臂机器人项目。
c	glfw/glfw	https://github.com/glfw/glfw.git	15213	17080	A multi-platform library for OpenGL, OpenGL ES, Vulkan, window and input
c	haiwen/seafile	https://github.com/haiwen/seafile.git	15024	12397	Beyond file syncing and sharing, a new way to organize your files with extensible file properties and flexible views
c	SpacehuhnTech/esp8266_deauther	https://github.com/SpacehuhnTech/esp8266_deauther.git	14893	16399	Affordable WiFi hacking platform for testing and learning
c	OpenVPN/openvpn	https://github.com/OpenVPN/openvpn.git	14289	28826	OpenVPN  is  an open source VPN daemon
c	coturn/coturn	https://github.com/coturn/coturn.git	14241	7442	coturn TURN server project
c	memcached/memcached	https://github.com/memcached/memcached.git	14240	6420	memcached development tree
c	duixcom/Duix-Avatar	https://github.com/duixcom/Duix-Avatar.git	14173	98909	🚀 Truly open-source AI avatar(digital human) toolkit for offline video generation and digital human cloning.
c	cloudwu/skynet	https://github.com/cloudwu/skynet.git	14103	5185	A lightweight online game framework
c	arut/nginx-rtmp-module	https://github.com/arut/nginx-rtmp-module.git	14026	3176	NGINX-based Media Streaming Server
c	openresty/openresty	https://github.com/openresty/openresty.git	13968	2982	High Performance Web Platform Based on Nginx and LuaJIT
c	s-matyukevich/raspberry-pi-os	https://github.com/s-matyukevich/raspberry-pi-os.git	13901	2016	Learning operating system development using Linux kernel and Raspberry Pi
c	jedisct1/libsodium	https://github.com/jedisct1/libsodium.git	13835	11316	A modern, portable, easy to use crypto library.
c	Curzibn/Luban	https://github.com/Curzibn/Luban.git	13757	11853	Luban 2（鲁班 2） —— 高效简洁的 Android 图片压缩工具库，像素级还原微信朋友圈压缩策略。(An efficient and concise Android image compression library that closely replicates the compression strate
c	FreeRDP/FreeRDP	https://github.com/FreeRDP/FreeRDP.git	13482	80610	FreeRDP is a free remote desktop protocol library and clients
c	openwall/john	https://github.com/openwall/john.git	13424	133539	John the Ripper jumbo - advanced offline password cracker, which supports hundreds of hash and cipher types, and runs on many operating systems, CPUs, GPUs, and
c	DoctorWkt/acwj	https://github.com/DoctorWkt/acwj.git	13344	4062	A Compiler Writing Journey
c	alibaba/tengine	https://github.com/alibaba/tengine.git	13308	25744	A distribution of Nginx with some advanced features
c	jonas/tig	https://github.com/jonas/tig.git	13287	7291	Text-mode interface for git
c	nmap/nmap	https://github.com/nmap/nmap.git	13245	118605	Nmap - the Network Mapper. Github mirror of official SVN repository.
c	microsoft/mimalloc	https://github.com/microsoft/mimalloc.git	13221	9695	mimalloc is a compact general purpose allocator with excellent performance.
c	cesanta/mongoose	https://github.com/cesanta/mongoose.git	12957	43809	Embedded web server, with TCP/IP network stack, MQTT and Websocket
c	DaveGamble/cJSON	https://github.com/DaveGamble/cJSON.git	12877	2583	Ultralightweight JSON parser in ANSI C
c	octalmage/robotjs	https://github.com/octalmage/robotjs.git	12760	954	Node.js Desktop Automation. 
c	citusdata/citus	https://github.com/citusdata/citus.git	12639	73791	Distributed PostgreSQL as an extension
c	google/sanitizers	https://github.com/google/sanitizers.git	12438	48864	AddressSanitizer, ThreadSanitizer, MemorySanitizer
c	openzfs/zfs	https://github.com/openzfs/zfs.git	12354	153965	OpenZFS on Linux and FreeBSD
c	twitter/twemproxy	https://github.com/twitter/twemproxy.git	12337	2961	A fast, light-weight proxy for memcached and redis
c	EZLippi/Tinyhttpd	https://github.com/EZLippi/Tinyhttpd.git	12170	45	Tinyhttpd 是J. David Blackstone在1999年写的一个不到 500 行的超轻量型 Http Server，用来学习非常不错，可以帮助我们真正理解服务器程序的本质。官网:http://tinyhttpd.sourceforge.net
c	FelixKratz/SketchyBar	https://github.com/FelixKratz/SketchyBar.git	12130	16453	A highly customizable macOS status bar replacement
c	tsl0922/ttyd	https://github.com/tsl0922/ttyd.git	12093	20189	Share your terminal over the web
c	vanhauser-thc/thc-hydra	https://github.com/vanhauser-thc/thc-hydra.git	12090	3708	hydra
c	lz4/lz4	https://github.com/lz4/lz4.git	11960	7189	Extremely Fast Compression algorithm
c	libevent/libevent	https://github.com/libevent/libevent.git	11938	13489	Event notification library
c	openresty/lua-nginx-module	https://github.com/openresty/lua-nginx-module.git	11782	16095	Embed the Power of Lua into NGINX HTTP servers
c	rui314/chibicc	https://github.com/rui314/chibicc.git	11773	882	A small C compiler
c	Klipper3d/klipper	https://github.com/Klipper3d/klipper.git	11763	243805	Klipper is a 3d-printer firmware
c	Tencent/wcdb	https://github.com/Tencent/wcdb.git	11618	85990	WCDB is a cross-platform database framework developed by WeChat.
c	h2o/h2o	https://github.com/h2o/h2o.git	11523	130326	H2O - the optimized HTTP/1, HTTP/2, HTTP/3 server
c	libvips/libvips	https://github.com/libvips/libvips.git	11523	164609	A fast image processing library with low memory needs.
c	Immediate-Mode-UI/Nuklear	https://github.com/Immediate-Mode-UI/Nuklear.git	11287	20614	A single-header ANSI C immediate mode cross-platform GUI library
c	krallin/tini	https://github.com/krallin/tini.git	11183	245	A tiny but valid `init` for containers
c	Cyan4973/xxHash	https://github.com/Cyan4973/xxHash.git	11165	5066	Extremely fast non-cryptographic hash algorithm
c	pymumu/smartdns	https://github.com/pymumu/smartdns.git	11126	5918	A local DNS server to obtain the fastest website IP for the best Internet experience, support DoT, DoH, DoQ. 一个本地DNS服务器，获取最快的网站IP，获得最佳上网体验，支持DoH，DoT，DoQ。
c	eclipse-mosquitto/mosquitto	https://github.com/eclipse-mosquitto/mosquitto.git	11082	18519	Eclipse Mosquitto - An open source MQTT broker
c	fogleman/Craft	https://github.com/fogleman/Craft.git	11075	14666	A simple Minecraft clone written in C using modern OpenGL (shaders).
c	jemalloc/jemalloc	https://github.com/jemalloc/jemalloc.git	11009	13823	
c	andlabs/libui	https://github.com/andlabs/libui.git	10896	6375	Simple and portable (but not inflexible) GUI library in C that uses the native GUI technologies of each platform it supports.
c	Syllo/nvtop	https://github.com/Syllo/nvtop.git	10861	1237	GPU & Accelerator process monitoring for AMD, Apple, Huawei, Intel, NVIDIA and Qualcomm
c	bellard/quickjs	https://github.com/bellard/quickjs.git	10856	12760	Public repository of the QuickJS Javascript Engine.
c	dicedb/dicedb	https://github.com/dicedb/dicedb.git	10770	128679	Open-source, low-latency key/value engine built on Valkey with query subscriptions and hierarchical storage tiers.
c	rswier/c4	https://github.com/rswier/c4.git	10753	48	C in four functions
c	rofl0r/proxychains-ng	https://github.com/rofl0r/proxychains-ng.git	10659	675	proxychains ng (new generation) - a preloader which hooks calls to sockets in dynamically linked programs and redirects it through one or more socks/http proxie
c	libgit2/libgit2	https://github.com/libgit2/libgit2.git	10530	74981	A cross-platform, linkable library implementation of Git that you can use in your application.
c	i3/i3	https://github.com/i3/i3.git	10516	14504	A tiling window manager for X11
c	imbushuo/mac-precision-touchpad	https://github.com/imbushuo/mac-precision-touchpad.git	10387	571	Windows Precision Touchpad Driver Implementation for Apple MacBook / Magic Trackpad
c	phpredis/phpredis	https://github.com/phpredis/phpredis.git	10227	11754	A PHP extension for Redis
c	tporadowski/redis	https://github.com/tporadowski/redis.git	10221	194276	Native port of Redis for Windows. Redis is an in-memory database that persists on disk. The data model is key-value, but many different kind of values are suppo
c	erincatto/box2d	https://github.com/erincatto/box2d.git	10181	17401	Box2D is a 2D physics engine for games
c	huangzworks/redis-3.0-annotated	https://github.com/huangzworks/redis-3.0-annotated.git	10161	5937	带有详细注释的 Redis 3.0 代码（annotated Redis 3.0 source code）。
c	lua/lua	https://github.com/lua/lua.git	10158	12265	A copy of the Lua development repository, as seen by the Lua team. Mirrored irregularly. All communication should be through the Lua mailing list https://www.lu
c	Tencent/xLua	https://github.com/Tencent/xLua.git	10142	26369	xLua is a lua programming solution for  C# ( Unity, .Net, Mono) , it supports android, ios, windows, linux, osx, etc.
c	floooh/sokol	https://github.com/floooh/sokol.git	10133	16608	minimal cross-platform standalone C headers
c	mit-pdos/xv6-riscv	https://github.com/mit-pdos/xv6-riscv.git	10101	17976	Xv6 for RISC-V
c	xmrig/xmrig	https://github.com/xmrig/xmrig.git	10054	12607	RandomX, KawPow, CryptoNight and GhostRider unified CPU/GPU miner and RandomX benchmark
c	henrypp/memreduct	https://github.com/henrypp/memreduct.git	9959	1852	Lightweight real-time memory management application to monitor and clean system memory on your computer.
c	VirusTotal/yara	https://github.com/VirusTotal/yara.git	9767	24305	The pattern matching swiss knife
c	ahrm/sioyek	https://github.com/ahrm/sioyek.git	9725	39996	Sioyek is a PDF viewer with a focus on textbooks and research papers
c	mit-pdos/xv6-public	https://github.com/mit-pdos/xv6-public.git	9527	17585	xv6 OS
c	peng-zhihui/ElectronBot	https://github.com/peng-zhihui/ElectronBot.git	9407	302867	
c	jgamblin/Mirai-Source-Code	https://github.com/jgamblin/Mirai-Source-Code.git	9396	189	Leaked Mirai Source Code for Research/IoC Development Purposes
c	AppImage/AppImageKit	https://github.com/AppImage/AppImageKit.git	9391	16294	Package desktop applications as AppImages that run on common Linux-based operating systems, such as RHEL, CentOS, openSUSE, SLED, Ubuntu, Fedora, debian and der
c	AdAway/AdAway	https://github.com/AdAway/AdAway.git	9296	41309	AdAway is a free and open source ad blocker for Android. 
c	happyfish100/fastdfs	https://github.com/happyfish100/fastdfs.git	9236	12481	FastDFS is a high performance distributed file system (DFS). It's major functions include: file storing, file syncing and file accessing, and design for high ca
c	unicorn-engine/unicorn	https://github.com/unicorn-engine/unicorn.git	9195	18610	Unicorn CPU emulator framework (ARM, AArch64, M68K, Mips, Sparc, PowerPC, RiscV, S390x, TriCore, X86)
c	mattn/go-sqlite3	https://github.com/mattn/go-sqlite3.git	9185	48881	sqlite3 driver for go using database/sql
c	torch/torch7	https://github.com/torch/torch7.git	9140	2634	http://torch.ch
c	meetecho/janus-gateway	https://github.com/meetecho/janus-gateway.git	9134	46321	Janus WebRTC Server
c	antirez/kilo	https://github.com/antirez/kilo.git	9050	24	A text editor in less than 1000 LOC with syntax highlight and search.
c	QwenAudio/SenseVoice	https://github.com/QwenAudio/SenseVoice.git	8935	7870	Open-source SenseVoiceSmall model for Mandarin, Cantonese, English, Japanese, and Korean ASR, language ID, emotion recognition, and audio event detection.
c	capstone-engine/capstone	https://github.com/capstone-engine/capstone.git	8912	69956	Capstone disassembly/disassembler framework for ARM, ARM64 (ARMv8), Alpha, BPF, Ethereum VM, HPPA, LoongArch, M68K, M680X, Mips, MOS65XX, PPC, RISC-V(rv32G/rv64
c	pygame/pygame	https://github.com/pygame/pygame.git	8870	36011	🐍🎮 pygame (the library) is a Free and Open Source python programming language library for making multimedia applications like games built on top of the excellen
c	flightlessmango/MangoHud	https://github.com/flightlessmango/MangoHud.git	8868	46711	A Vulkan and OpenGL overlay for monitoring FPS, temperatures, CPU/GPU load and more.
c	Xfennec/progress	https://github.com/Xfennec/progress.git	8853	278	Linux tool to show progress for cp, mv, dd, ... (formerly known as cv)
c	winfsp/winfsp	https://github.com/winfsp/winfsp.git	8767	17014	Windows File System Proxy - FUSE for Windows
c	shellphish/how2heap	https://github.com/shellphish/how2heap.git	8755	472	A repository for learning various heap exploitation techniques.
c	irungentoo/toxcore	https://github.com/irungentoo/toxcore.git	8754	10353	The future of online communications.
c	SecWiki/windows-kernel-exploits	https://github.com/SecWiki/windows-kernel-exploits.git	8709	244415	windows-kernel-exploits   Windows平台提权漏洞集合
c	n64decomp/sm64	https://github.com/n64decomp/sm64.git	8679	25614	A Super Mario 64 decompilation, brought to you by a bunch of clever folks.
c	henrypp/simplewall	https://github.com/henrypp/simplewall.git	8665	12238	Simple tool to configure Windows Filtering Platform (WFP) which can configure network activity on your computer.
c	esnet/iperf	https://github.com/esnet/iperf.git	8644	14862	iperf3:  A TCP, UDP, and SCTP network bandwidth measurement tool
c	neutralinojs/neutralinojs	https://github.com/neutralinojs/neutralinojs.git	8594	110805	Portable and lightweight cross-platform desktop application development framework
c	CTCaer/hekate	https://github.com/CTCaer/hekate.git	8555	4652	hekate - A GUI based Nintendo Switch Bootloader
c	squeaky-pl/japronto	https://github.com/squeaky-pl/japronto.git	8536	894	 Screaming-fast Python 3.5+ HTTP toolkit integrated with pipelining HTTP server based on uvloop and picohttpparser.
c	SanderMertens/flecs	https://github.com/SanderMertens/flecs.git	8532	234664	A fast entity component system (ECS) for C & C++
c	skeeto/endlessh	https://github.com/skeeto/endlessh.git	8498	79	SSH tarpit that slowly sends an endless banner
c	timercrack/trader	https://github.com/timercrack/trader.git	8355	5911	期货自动交易
c	baskerville/bspwm	https://github.com/baskerville/bspwm.git	8295	3197	A tiling window manager based on binary space partitioning
c	Ralim/IronOS	https://github.com/Ralim/IronOS.git	8289	59605	Open Source Soldering Iron firmware
c	htop-dev/htop	https://github.com/htop-dev/htop.git	8206	7238	htop - an interactive process viewer
c	id-Software/Quake-III-Arena	https://github.com/id-Software/Quake-III-Arena.git	8143	3576	Quake III Arena GPL Source Release
c	containers/bubblewrap	https://github.com/containers/bubblewrap.git	8141	923	Low-level unprivileged sandboxing tool used by Flatpak and similar projects
c	antirez/disque	https://github.com/antirez/disque.git	8072	2493	Disque is a distributed message broker
c	libimobiledevice/libimobiledevice	https://github.com/libimobiledevice/libimobiledevice.git	8061	3621	A cross-platform protocol library to communicate with iOS devices
c	asmvik/skhd	https://github.com/asmvik/skhd.git	8051	16459	 Simple hotkey daemon for macOS
c	bingoogolapple/BGAQRCode-Android	https://github.com/bingoogolapple/BGAQRCode-Android.git	8015	28976	QRCode 扫描二维码、扫描条形码、相册获取图片后识别、生成带 Logo 二维码、支持微博微信 QQ 二维码扫描样式
c	Kitware/CMake	https://github.com/Kitware/CMake.git	8004	199574	Mirror of CMake upstream repository
c	fluent/fluent-bit	https://github.com/fluent/fluent-bit.git	7995	152745	Fast and Lightweight Logs, Metrics and Traces processor for Linux, BSD, OSX and Windows
c	wasm3/wasm3	https://github.com/wasm3/wasm3.git	7967	5827	🚀 A fast WebAssembly interpreter and the most universal WASM runtime
c	yarrick/iodine	https://github.com/yarrick/iodine.git	7939	1259	Official git repo for iodine dns tunnel
c	nodemcu/nodemcu-firmware	https://github.com/nodemcu/nodemcu-firmware.git	7934	113147	Lua based interactive firmware for ESP8266, ESP8285 and ESP32
c	greatscottgadgets/hackrf	https://github.com/greatscottgadgets/hackrf.git	7933	55640	low cost software radio platform
c	asg017/sqlite-vec	https://github.com/asg017/sqlite-vec.git	7930	1306	A vector search SQLite extension that runs anywhere!
c	istoreos/istoreos	https://github.com/istoreos/istoreos.git	7915	282591	提供一个人人会用的的路由、NAS系统 （目前活跃的分支是 istoreos-24.10，main或master分支不维护请勿使用）
c	haad/proxychains	https://github.com/haad/proxychains.git	7909	538	proxychains - a tool that forces any TCP connection made by any given application to follow through proxy like TOR or any other SOCKS4, SOCKS5 or HTTP(S) proxy.
c	fontforge/fontforge	https://github.com/fontforge/fontforge.git	7866	113689	Free (libre) font editor for Windows, Mac OS X and GNU+Linux
c	ufrisk/pcileech	https://github.com/ufrisk/pcileech.git	7825	5281	Direct Memory Access (DMA) Attack Software
c	bartobri/no-more-secrets	https://github.com/bartobri/no-more-secrets.git	7804	200	A command line tool that recreates the famous data decryption effect seen in the 1992 movie Sneakers.
c	hfiref0x/UACME	https://github.com/hfiref0x/UACME.git	7715	14086	Defeating Windows User Account Control
c	hrvach/deskhop	https://github.com/hrvach/deskhop.git	7667	14926	Fast Desktop Switching Device
c	peng-zhihui/L-ink_Card	https://github.com/peng-zhihui/L-ink_Card.git	7626	97986	Smart NFC & ink-Display Card
c	FreeRTOS/FreeRTOS	https://github.com/FreeRTOS/FreeRTOS.git	7620	131009	'Classic' FreeRTOS distribution.  Started as Git clone of FreeRTOS SourceForge SVN repo.  Submodules the kernel.
c	merbanan/rtl_433	https://github.com/merbanan/rtl_433.git	7602	10812	Program to decode radio transmissions from devices on the ISM bands (and other frequencies)
c	libfuse/sshfs	https://github.com/libfuse/sshfs.git	7580	514	A network filesystem client to connect to SSH servers
c	maharmstone/btrfs	https://github.com/maharmstone/btrfs.git	7575	61628	WinBtrfs - an open-source btrfs driver for Windows
c	jart/blink	https://github.com/jart/blink.git	7563	19938	tiniest x86-64-linux emulator
c	netblue30/firejail	https://github.com/netblue30/firejail.git	7559	24184	Linux namespaces and seccomp-bpf sandbox
c	ithewei/libhv	https://github.com/ithewei/libhv.git	7535	6893	🔥 比libevent/libuv/asio更易用的网络库。A c/c++ network library for developing TCP/UDP/SSL/HTTP/WebSocket/MQTT/Redis client/server.
c	OpenMathLib/OpenBLAS	https://github.com/OpenMathLib/OpenBLAS.git	7532	70458	OpenBLAS is an optimized BLAS library based on GotoBLAS2 1.13 BSD version. 
c	philipl/pifs	https://github.com/philipl/pifs.git	7522	22	πfs - the data-free filesystem!
c	phoboslab/qoi	https://github.com/phoboslab/qoi.git	7510	263	The “Quite OK Image Format” for fast, lossless image compression
c	antirez/smallchat	https://github.com/antirez/smallchat.git	7503	19	A minimal programming example for a chat server
c	arkime/arkime	https://github.com/arkime/arkime.git	7423	71764	Arkime is an open source, large scale, full packet capturing, indexing, and database system.
c	jerryscript-project/jerryscript	https://github.com/jerryscript-project/jerryscript.git	7408	62085	Ultra-lightweight JavaScript engine for the Internet of Things.
c	aircrack-ng/aircrack-ng	https://github.com/aircrack-ng/aircrack-ng.git	7406	17226	WiFi security auditing tools suite
c	EpicGames/raddebugger	https://github.com/EpicGames/raddebugger.git	7280	29060	A native, user-mode, multi-process, graphical debugger.
c	universal-ctags/ctags	https://github.com/universal-ctags/ctags.git	7253	23537	A maintained ctags implementation
c	stanfordnlp/GloVe	https://github.com/stanfordnlp/GloVe.git	7228	244	Software in C and data files for the popular GloVe model for distributed word representations, a.k.a. word vectors or embeddings
c	mgba-emu/mgba	https://github.com/mgba-emu/mgba.git	7224	58747	mGBA Game Boy Advance Emulator
c	sqlcipher/sqlcipher	https://github.com/sqlcipher/sqlcipher.git	7213	62161	SQLCipher is a standalone fork of SQLite that adds 256 bit AES encryption of database files and other security features.
c	mcmilk/7-Zip-zstd	https://github.com/mcmilk/7-Zip-zstd.git	7209	24498	7-Zip with support for Brotli, Fast-LZMA2, Lizard, LZ4, LZ5 and Zstandard
c	Zelda64Recomp/Zelda64Recomp	https://github.com/Zelda64Recomp/Zelda64Recomp.git	7145	8937	Static recompilation of Majora's Mask (and soon Ocarina of Time) for PC (Windows/Linux/Mac)
c	vysheng/tg	https://github.com/vysheng/tg.git	7134	4941	telegram-cli
c	orangeduck/Cello	https://github.com/orangeduck/Cello.git	7123	2806	Higher level programming in C
c	OpenIntelWireless/itlwm	https://github.com/OpenIntelWireless/itlwm.git	7111	32418	Intel Wi-Fi Drivers for macOS
c	mackron/miniaudio	https://github.com/mackron/miniaudio.git	7057	331840	Audio playback and capture library written in C, in a single source file.
c	Cisco-Talos/clamav	https://github.com/Cisco-Talos/clamav.git	7020	182570	ClamAV - Documentation is here: https://docs.clamav.net
c	hathach/tinyusb	https://github.com/hathach/tinyusb.git	6993	52788	An open source  cross-platform USB stack for embedded system
c	ntop/n2n	https://github.com/ntop/n2n.git	6984	3511	Peer-to-peer VPN
c	madler/zlib	https://github.com/madler/zlib.git	6978	5000	A massively spiffy yet delicately unobtrusive compression library.
c	moonlight-stream/moonlight-android	https://github.com/moonlight-stream/moonlight-android.git	6885	129864	GameStream client for Android
c	TelegramMessenger/MTProxy	https://github.com/TelegramMessenger/MTProxy.git	6885	157	
c	littlefs-project/littlefs	https://github.com/littlefs-project/littlefs.git	6842	12915	A little fail-safe filesystem designed for microcontrollers
c	Mbed-TLS/mbedtls	https://github.com/Mbed-TLS/mbedtls.git	6837	143849	An open source, portable, easy to use, readable and flexible TLS library, and reference implementation of the PSA Cryptography API. Releases are on a varying ca
c	klange/toaruos	https://github.com/klange/toaruos.git	6807	75582	Complete, independent operating system built by humans.
c	sabrogden/Ditto	https://github.com/sabrogden/Ditto.git	6803	169033	Ditto is an extension to the Windows Clipboard. You copy something to the Clipboard and Ditto takes what you copied and stores it in a database to retrieve at a
c	RubyMetric/chsrc	https://github.com/RubyMetric/chsrc.git	6798	4807	chsrc 全平台通用换源工具与框架. Change Source everywhere for every software
c	yanfeizhang/coder-kung-fu	https://github.com/yanfeizhang/coder-kung-fu.git	6797	5133	开发内功修炼
c	akopytov/sysbench	https://github.com/akopytov/sysbench.git	6768	4834	Scriptable database and system performance benchmark
c	s-macke/VoxelSpace	https://github.com/s-macke/VoxelSpace.git	6766	33813	Terrain rendering algorithm in less than 20 lines of code
c	haproxy/haproxy	https://github.com/haproxy/haproxy.git	6732	117651	HAProxy Load Balancer's development branch (mirror of git.haproxy.org)
c	beanstalkd/beanstalkd	https://github.com/beanstalkd/beanstalkd.git	6699	1330	Beanstalk is a simple, fast work queue.
c	fulldecent/system-bus-radio	https://github.com/fulldecent/system-bus-radio.git	6689	271	Transmits AM radio on computers without radio transmitting hardware.
c	neutrinolabs/xrdp	https://github.com/neutrinolabs/xrdp.git	6685	22093	xrdp: an open source RDP server
c	rxi/microui	https://github.com/rxi/microui.git	6683	54	A tiny immediate-mode UI library
c	redis/hiredis	https://github.com/redis/hiredis.git	6675	1783	Minimalistic C client for Redis >= 1.2
c	espeak-ng/espeak-ng	https://github.com/espeak-ng/espeak-ng.git	6673	80225	eSpeak NG is an open source speech synthesizer that supports more than hundred languages and accents.
c	peng-zhihui/HoloCubic	https://github.com/peng-zhihui/HoloCubic.git	6673	149090	带网络功能的伪全息透明显示桌面站
cpp	sqlitebrowser/sqlitebrowser	https://github.com/sqlitebrowser/sqlitebrowser.git	24366	35368	Official home of the DB Browser for SQLite (DB4S) project. Previously known as "SQLite Database Browser" and "Database Browser for SQLite". Website at: 
cpp	simdjson/simdjson	https://github.com/simdjson/simdjson.git	24068	94751	Parsing gigabytes of JSON per second : used by Facebook/Meta Velox, the Node.js runtime, ClickHouse, WatermelonDB, Apache Doris, Milvus, StarRocks
cpp	ssloy/tinyrenderer	https://github.com/ssloy/tinyrenderer.git	23967	64056	A brief computer graphics / rendering course
cpp	fmtlib/fmt	https://github.com/fmtlib/fmt.git	23686	17116	A modern formatting library
cpp	Tencent/ncnn	https://github.com/Tencent/ncnn.git	23589	35856	ncnn is a high-performance neural network inference framework optimized for the mobile platform
cpp	osquery/osquery	https://github.com/osquery/osquery.git	23411	27750	SQL powered operating system instrumentation, monitoring, and analytics.
cpp	redis/RedisDesktopManager	https://github.com/redis/RedisDesktopManager.git	23233	78590	
cpp	pqrs-org/Karabiner-Elements	https://github.com/pqrs-org/Karabiner-Elements.git	22543	140324	Karabiner-Elements is a powerful tool for customizing keyboards on macOS
cpp	scottbez1/smartknob	https://github.com/scottbez1/smartknob.git	21953	15114	Haptic input knob with software-defined endstops and virtual detents
cpp	catchorg/Catch2	https://github.com/catchorg/Catch2.git	21335	33561	A modern, C++-native, test framework for unit-tests, TDD and BDD - using C++14, C++17 and later (C++11 support is in v2.x branch, and C++03 on the Catch1.x bran
cpp	TranslucentTB/TranslucentTB	https://github.com/TranslucentTB/TranslucentTB.git	19951	13188	A lightweight utility that makes the Windows taskbar translucent/transparent.
cpp	lettier/3d-game-shaders-for-beginners	https://github.com/lettier/3d-game-shaders-for-beginners.git	19774	34817	🎮 A step-by-step guide to implementing SSAO, depth of field, lighting, normal mapping, and more for your 3D game.
cpp	trojan-gfw/trojan	https://github.com/trojan-gfw/trojan.git	19745	927	An unidentifiable mechanism that helps you bypass GFW.
cpp	qinguoyi/TinyWebServer	https://github.com/qinguoyi/TinyWebServer.git	19623	57302	:fire: Linux下C++轻量级WebServer服务器
cpp	rizinorg/cutter	https://github.com/rizinorg/cutter.git	19392	16328	Free and Open Source Reverse Engineering Platform powered by rizin
cpp	Atmosphere-NX/Atmosphere	https://github.com/Atmosphere-NX/Atmosphere.git	19362	26788	Atmosphère is a work-in-progress customized firmware for the Nintendo Switch.
cpp	RPCS3/rpcs3	https://github.com/RPCS3/rpcs3.git	19263	156330	PlayStation 3 emulator and debugger
cpp	id-Software/DOOM	https://github.com/id-Software/DOOM.git	19255	149	DOOM Open Source Release
cpp	kyleneideck/BackgroundMusic	https://github.com/kyleneideck/BackgroundMusic.git	19174	2301	Background Music, a macOS audio utility: automatically pause your music, set individual apps' volumes and record system audio.
cpp	uNetworking/uWebSockets	https://github.com/uNetworking/uWebSockets.git	18936	5760	Simple, secure & standards compliant web server for the most demanding of applications
cpp	swoole/swoole-src	https://github.com/swoole/swoole-src.git	18903	56080	🚀 Coroutine-based concurrency library for PHP
cpp	react/yoga	https://github.com/react/yoga.git	18839	27442	Yoga is an embeddable layout engine targeting web standards.
cpp	imputnet/helium	https://github.com/imputnet/helium.git	18820	28982	Private, fast, and honest web browser
cpp	Tencent/MMKV	https://github.com/Tencent/MMKV.git	18683	48370	An efficient, small mobile key-value storage framework developed by WeChat. Works on Android, iOS, macOS, Windows, POSIX, and OHOS.
cpp	lightgbm-org/LightGBM	https://github.com/lightgbm-org/LightGBM.git	18632	25308	A fast, distributed, high performance gradient boosting (GBT, GBDT, GBRT, GBM or MART) framework based on decision tree algorithms, used for ranking, classifica
cpp	alibaba/weex	https://github.com/alibaba/weex.git	18535	379466	A framework for building Mobile cross-platform UI
cpp	wled/WLED	https://github.com/wled/WLED.git	18437	70679	Control WS2812B and many more types of digital RGB LEDs with an ESP32 over WiFi!
cpp	microsoft/AirSim	https://github.com/microsoft/AirSim.git	18333	376798	Open source simulator for autonomous vehicles built on Unreal Engine / Unity, from Microsoft AI & Research
cpp	google/libphonenumber	https://github.com/google/libphonenumber.git	18150	320949	Google's common Java, C++ and JavaScript library for parsing, formatting, and validating international phone numbers.
cpp	haoel/leetcode	https://github.com/haoel/leetcode.git	18057	3164	LeetCode Problems' Solutions 
cpp	moonlight-stream/moonlight-qt	https://github.com/moonlight-stream/moonlight-qt.git	18021	357062	GameStream client for PCs (Windows, Mac, Linux, and Steam Link)
cpp	abseil/abseil-cpp	https://github.com/abseil/abseil-cpp.git	18015	21778	Abseil Common Libraries (C++)
cpp	pybind/pybind11	https://github.com/pybind/pybind11.git	17977	13589	Seamless operability between C++11 and Python
cpp	upx/upx	https://github.com/upx/upx.git	17719	78928	UPX - the Ultimate Packer for eXecutables
cpp	doitsujin/dxvk	https://github.com/doitsujin/dxvk.git	17711	26558	Vulkan-based implementation of D3D8, 9, 10 and 11 for Linux / Wine
cpp	Tencent/mars	https://github.com/Tencent/mars.git	17645	366367	Mars is a cross-platform network component  developed by WeChat.
cpp	apache/brpc	https://github.com/apache/brpc.git	17570	43319	brpc is an Industrial-grade RPC framework using C++ Language, which is often used in high performance system such as Search, Storage, Machine learning, Advertis
cpp	MarlinFirmware/Marlin	https://github.com/MarlinFirmware/Marlin.git	17499	258359	Marlin is a firmware for RepRap 3D printers optimized for both 8 and 32 bit microcontrollers.  Marlin supports all common platforms.   Many commercial 3D printe
cpp	NixOS/nix	https://github.com/NixOS/nix.git	17396	136637	Nix, the purely functional package manager
cpp	ZLMediaKit/ZLMediaKit	https://github.com/ZLMediaKit/ZLMediaKit.git	17327	156543	WebRTC/RTSP/RTMP/HTTP/HLS/HTTP-FLV/WebSocket-FLV/HTTP-TS/HTTP-fMP4/WebSocket-TS/WebSocket-fMP4/GB28181/SRT/STUN/TURN server and client framework based on C++11
cpp	microsoft/react-native-windows	https://github.com/microsoft/react-native-windows.git	17316	381433	A framework for building native Windows apps with React.
cpp	apache/arrow	https://github.com/apache/arrow.git	16954	231675	Apache Arrow is the universal columnar format and multi-language toolbox for fast data interchange and in-memory analytics
cpp	zerotier/ZeroTierOne	https://github.com/zerotier/ZeroTierOne.git	16951	164393	A Smart Ethernet Switch for Earth
cpp	Qv2ray/Qv2ray	https://github.com/Qv2ray/Qv2ray.git	16934	25596	:star: Linux / Windows / macOS 跨平台 V2Ray 客户端 | 支持 VMess / VLESS / SSR / Trojan / Trojan-Go / NaiveProxy / HTTP / HTTPS / SOCKS5 | 使用 C++ / Qt 开发 | 可拓展插件式设计 :sta
cpp	tindy2013/subconverter	https://github.com/tindy2013/subconverter.git	16922	7405	Utility to convert between various subscription format
cpp	AaronFeng753/Waifu2x-Extension-GUI	https://github.com/AaronFeng753/Waifu2x-Extension-GUI.git	16808	311465	Video, Image and GIF upscale/enlarge(Super-Resolution) and Video frame interpolation. Achieved with Waifu2x,  Real-ESRGAN, Real-CUGAN, RTX Video Super Resolutio
cpp	rui314/mold	https://github.com/rui314/mold.git	16694	31849	mold: A Modern Linker 🦠
cpp	yhirose/cpp-httplib	https://github.com/yhirose/cpp-httplib.git	16692	6591	A C++ header-only HTTP/HTTPS server and client library
cpp	esp8266/Arduino	https://github.com/esp8266/Arduino.git	16655	224577	ESP8266 core for Arduino
cpp	apple/foundationdb	https://github.com/apple/foundationdb.git	16536	210923	FoundationDB - the open source, distributed, transactional key-value store
cpp	wolfpld/tracy	https://github.com/wolfpld/tracy.git	16441	40315	Frame profiler
cpp	Snapchat/Valdi	https://github.com/Snapchat/Valdi.git	16388	88824	Valdi is a cross-platform UI framework that delivers native performance without sacrificing developer velocity.
cpp	chenshuo/muduo	https://github.com/chenshuo/muduo.git	16207	1795	Event-driven network library for multi-threaded Linux server in C++11
cpp	official-stockfish/Stockfish	https://github.com/official-stockfish/Stockfish.git	16131	20097	A free and strong UCI chess engine
cpp	OpenRCT2/OpenRCT2	https://github.com/OpenRCT2/OpenRCT2.git	15991	277607	An open source re-implementation of RollerCoaster Tycoon 2 🎢
cpp	alibaba/MNN	https://github.com/alibaba/MNN.git	15727	330548	MNN: A blazing-fast, lightweight inference engine battle-tested by Alibaba, powering high-performance on-device LLMs and Edge AI.
cpp	scylladb/scylladb	https://github.com/scylladb/scylladb.git	15677	275134	NoSQL data store using the Seastar framework, compatible with Apache Cassandra and Amazon DynamoDB
cpp	hoffstadt/DearPyGui	https://github.com/hoffstadt/DearPyGui.git	15540	146677	Dear PyGui: A fast and powerful Graphical User Interface Toolkit for Python with minimal dependencies
cpp	polybar/polybar	https://github.com/polybar/polybar.git	15317	8999	A fast and easy-to-use status bar
cpp	alibaba/zvec	https://github.com/alibaba/zvec.git	15272	4140	A lightweight, lightning-fast, in-process vector database
cpp	dogecoin/dogecoin	https://github.com/dogecoin/dogecoin.git	15230	184006	very currency
cpp	PCSX2/pcsx2	https://github.com/PCSX2/pcsx2.git	15189	325395	PCSX2 - The Playstation 2 Emulator
cpp	Tencent/rapidjson	https://github.com/Tencent/rapidjson.git	15110	30407	A fast JSON parser/generator for C++ with both SAX/DOM style API
cpp	xournalpp/xournalpp	https://github.com/xournalpp/xournalpp.git	15054	69877	Xournal++ is a handwriting notetaking software with PDF annotation support. Written in C++ with GTK3, supporting Linux (e.g. Ubuntu, Debian, Arch, SUSE), macOS 
cpp	ggml-org/ggml	https://github.com/ggml-org/ggml.git	15054	32006	Tensor library for machine learning
cpp	transmission/transmission	https://github.com/transmission/transmission.git	15012	145854	Official Transmission BitTorrent client repository
cpp	lynx-family/lynx	https://github.com/lynx-family/lynx.git	15004	65915	Empower the Web community and invite more to build across platforms.
cpp	M2Team/NanaZip	https://github.com/M2Team/NanaZip.git	14909	54260	The 7-Zip derivative intended for the modern Windows experience
cpp	bulletphysics/bullet3	https://github.com/bulletphysics/bullet3.git	14638	297038	Bullet Physics SDK: real-time collision detection and multi-physics simulation for VR, games, visual effects, robotics, machine learning etc.
cpp	mltframework/shotcut	https://github.com/mltframework/shotcut.git	14629	153042	cross-platform (Qt), open-source (GPLv3) video editor
cpp	davisking/dlib	https://github.com/davisking/dlib.git	14430	50001	A toolkit for making real world machine learning and data analysis applications in C++
cpp	sogou/workflow	https://github.com/sogou/workflow.git	14406	5111	C++ Parallel Computing and Asynchronous Networking Framework
cpp	dail8859/NotepadNext	https://github.com/dail8859/NotepadNext.git	14399	21619	A cross-platform, reimplementation of Notepad++
cpp	google-deepmind/mujoco	https://github.com/google-deepmind/mujoco.git	14328	135268	Multi-Joint dynamics with Contact. A general purpose physics simulator.
cpp	spotify/annoy	https://github.com/spotify/annoy.git	14270	2034	Approximate Nearest Neighbors in C++/Python optimized for memory usage and loading/saving to disk
cpp	mobile-shell/mosh	https://github.com/mobile-shell/mosh.git	14248	2756	Mobile Shell
cpp	hrydgard/ppsspp	https://github.com/hrydgard/ppsspp.git	14175	356583	A PSP emulator for Android, Windows, Mac, Linux and iOS, written in C++. Want to contribute? Join us on Discord at https://discord.gg/5NJB6dD or just send pull 
cpp	webview/webview	https://github.com/webview/webview.git	14172	5847	Tiny cross-platform webview library for C/C++. Uses WebKit (GTK/Cocoa) and Edge WebView2 (Windows).
cpp	drogonframework/drogon	https://github.com/drogonframework/drogon.git	14118	6423	Drogon: A C++14/17/20 based HTTP web application framework running on Linux/macOS/Unix/Windows
cpp	k2-fsa/sherpa-onnx	https://github.com/k2-fsa/sherpa-onnx.git	13784	15896	Speech-to-text, text-to-speech, speaker diarization, speech enhancement, source separation, and VAD using next-gen Kaldi with onnxruntime without Internet conne
cpp	OpenGenus/cosmos	https://github.com/OpenGenus/cosmos.git	13726	84619	World's largest Contributor driven code dataset | Used in Quark Search Engine, @OpenGenus IQ, OpenGenus Visual Project
cpp	facebook/watchman	https://github.com/facebook/watchman.git	13654	34582	Watches files and records, or triggers actions, when they change. 
cpp	dyang886/Game-Cheats-Manager	https://github.com/dyang886/Game-Cheats-Manager.git	13584	67212	Easily download and manage single-player game cheats for your convenience
cpp	luanti-org/luanti	https://github.com/luanti-org/luanti.git	13351	137154	Luanti (formerly Minetest) is an open source voxel game-creation platform with easy modding and game creation
cpp	NVIDIA/TensorRT	https://github.com/NVIDIA/TensorRT.git	13187	144933	NVIDIA® TensorRT™ is an SDK for high-performance deep learning inference on NVIDIA GPUs. This repository contains the open source components of TensorRT.
cpp	capnproto/capnproto	https://github.com/capnproto/capnproto.git	13128	26547	Cap'n Proto serialization/RPC system - core tools and C++ library
cpp	ninja-build/ninja	https://github.com/ninja-build/ninja.git	13089	5439	a small build system with a focus on speed
cpp	assimp/assimp	https://github.com/assimp/assimp.git	13084	277837	The official Open-Asset-Importer-Library Repository. Loads 40+ 3D-file-formats into one unified and clean data structure. 
cpp	acaudwell/Gource	https://github.com/acaudwell/Gource.git	13081	4070	software version control visualization
cpp	TheCherno/Hazel	https://github.com/TheCherno/Hazel.git	13050	54825	Hazel Engine
cpp	skypjack/entt	https://github.com/skypjack/entt.git	12948	41737	Gaming meets modern C++ - a fast and reliable entity component system (ECS) and much more
cpp	vnotex/vnote	https://github.com/vnotex/vnote.git	12870	73447	A pleasant note-taking platform in native C++.
cpp	AutoHotkey/AutoHotkey	https://github.com/AutoHotkey/AutoHotkey.git	12792	26360	AutoHotkey - macro-creation and automation-oriented scripting utility for Windows.
cpp	deepseek-ai/FlashMLA	https://github.com/deepseek-ai/FlashMLA.git	12776	259	FlashMLA: Efficient Multi-head Latent Attention Kernels
cpp	ShiqiYu/libfacedetection	https://github.com/ShiqiYu/libfacedetection.git	12766	125208	An open source library for face detection in images. The face detection speed can reach 1000FPS. 
cpp	mapeditor/tiled	https://github.com/mapeditor/tiled.git	12760	104919	Flexible level editor
cpp	zealdocs/zeal	https://github.com/zealdocs/zeal.git	12730	8718	Offline documentation browser. Your personal reference library, searchable in an instant.
cpp	JoeyDeVries/LearnOpenGL	https://github.com/JoeyDeVries/LearnOpenGL.git	12568	204676	Code repository of all OpenGL chapters from the book and its accompanying website https://learnopengl.com
cpp	Snapchat/KeyDB	https://github.com/Snapchat/KeyDB.git	12493	38115	A Multithreaded Fork of Redis
cpp	HIllya51/LunaTranslator	https://github.com/HIllya51/LunaTranslator.git	12486	26372	视觉小说翻译器 / Visual Novel Translator
cpp	Z3Prover/z3	https://github.com/Z3Prover/z3.git	12483	190218	The Z3 Theorem Prover
cpp	Alinshans/MyTinySTL	https://github.com/Alinshans/MyTinySTL.git	12460	2690	Achieve a tiny STL in C++11
cpp	cameron314/concurrentqueue	https://github.com/cameron314/concurrentqueue.git	12416	5024	A fast multi-producer, multi-consumer lock-free concurrent queue for C++11
cpp	redpanda-data/redpanda	https://github.com/redpanda-data/redpanda.git	12377	164840	Redpanda is a streaming data platform for developers. Kafka API compatible. 10x faster. No ZooKeeper. No JVM!
cpp	DayBreak-u/chineseocr_lite	https://github.com/DayBreak-u/chineseocr_lite.git	12327	247193	超轻量级中文ocr，支持竖排文字识别, 支持ncnn、mnn、tnn推理 ( dbnet(1.8M) + crnn(2.5M) + anglenet(378KB)) 总模型仅4.7M 
cpp	vesoft-inc/nebula	https://github.com/vesoft-inc/nebula.git	12313	123461	  A distributed, fast open-source graph database featuring horizontal scalability and high availability
cpp	colmap/colmap	https://github.com/colmap/colmap.git	12309	81508	COLMAP - Structure-from-Motion and Multi-View Stereo
cpp	taskflow/taskflow	https://github.com/taskflow/taskflow.git	12080	162657	A General-purpose Task-parallel Programming System in C++
cpp	hluk/CopyQ	https://github.com/hluk/CopyQ.git	12036	44753	Clipboard manager with advanced features
cpp	google/sentencepiece	https://github.com/google/sentencepiece.git	11985	30005	Unsupervised text tokenizer for Neural Network-based text generation.
cpp	SFML/SFML	https://github.com/SFML/SFML.git	11963	113513	Simple and Fast Multimedia Library
cpp	manticoresoftware/manticoresearch	https://github.com/manticoresoftware/manticoresearch.git	11907	107569	Open-source search database for full-text, vector, and hybrid search with real-time indexing and SQL.
cpp	snowie2000/mactype	https://github.com/snowie2000/mactype.git	11883	1019	Better font rendering for Windows.
cpp	microsoft/wslg	https://github.com/microsoft/wslg.git	11772	2066	Enabling the Windows Subsystem for Linux to include support for Wayland and X server related scenarios
cpp	Alexays/Waybar	https://github.com/Alexays/Waybar.git	11680	7364	Highly customizable Wayland bar for Sway and Wlroots based compositors. :v: :tada:
cpp	openalpr/openalpr	https://github.com/openalpr/openalpr.git	11434	5744	Automatic License Plate Recognition library
cpp	esphome/esphome	https://github.com/esphome/esphome.git	11431	90800	ESPHome is a system to control your ESP32, ESP8266, BK72xx, RP2040 by simple yet powerful configuration files and control them remotely through Home Automation 
cpp	QuipNetwork/cpp-sdk	https://github.com/QuipNetwork/cpp-sdk.git	11282	113	
cpp	microsoft/STL	https://github.com/microsoft/STL.git	11104	34830	MSVC's implementation of the C++ Standard Library.
cpp	PointCloudLibrary/pcl	https://github.com/PointCloudLibrary/pcl.git	11072	240011	Point Cloud Library (PCL)
cpp	jrouwe/JoltPhysics	https://github.com/jrouwe/JoltPhysics.git	11055	31021	A multi core friendly rigid body physics and collision detection library. Written in C++. Suitable for games and VR applications. Used by Horizon Forbidden West
cpp	mawww/kakoune	https://github.com/mawww/kakoune.git	10999	43725	mawww's experiment for a better code editor
cpp	cp-algorithms/cp-algorithms	https://github.com/cp-algorithms/cp-algorithms.git	10963	69907	Algorithm and data structure articles for https://cp-algorithms.com (based on http://e-maxx.ru)
cpp	zeromq/libzmq	https://github.com/zeromq/libzmq.git	10952	24154	ZeroMQ core engine in C++, implements ZMTP/3.1
cpp	apache/thrift	https://github.com/apache/thrift.git	10942	38435	Apache Thrift
cpp	baldurk/renderdoc	https://github.com/baldurk/renderdoc.git	10915	143276	RenderDoc is a stand-alone graphics debugging tool.
cpp	WasmEdge/WasmEdge	https://github.com/WasmEdge/WasmEdge.git	10740	29899	WasmEdge is a lightweight, high-performance, and extensible WebAssembly runtime for cloud native, edge, and decentralized applications. It powers serverless app
cpp	monero-project/monero	https://github.com/monero-project/monero.git	10724	205919	Monero: the secure, private, untraceable cryptocurrency
cpp	rr-debugger/rr	https://github.com/rr-debugger/rr.git	10599	26788	Record and Replay Framework
cpp	Const-me/Whisper	https://github.com/Const-me/Whisper.git	10588	4389	High-performance GPGPU inference of OpenAI's Whisper automatic speech recognition (ASR) model
cpp	wuye9036/CppTemplateTutorial	https://github.com/wuye9036/CppTemplateTutorial.git	10575	409	中文的C++ Template的教学指南。与知名书籍C++ Templates不同，该系列教程将C++ Templates作为一门图灵完备的语言来讲授，以求帮助读者对Meta-Programming融会贯通。(正在施工中)
cpp	ArthurSonzogni/FTXUI	https://github.com/ArthurSonzogni/FTXUI.git	10475	103443	:computer: C++ Functional Terminal User Interface. :heart:
cpp	tstack/lnav	https://github.com/tstack/lnav.git	10474	64654	Log file navigator
cpp	stenzek/duckstation	https://github.com/stenzek/duckstation.git	10466	173931	Fast PlayStation 1 emulator for x86-64/AArch32/AArch64/RV64
cpp	ClassicOldSong/Apollo	https://github.com/ClassicOldSong/Apollo.git	10353	35261	Sunshine fork - The easiest way to stream with the native resolution of your client device
cpp	RunanywhereAI/runanywhere-sdks	https://github.com/RunanywhereAI/runanywhere-sdks.git	10314	307628	Production ready toolkit to run AI locally
cpp	niedev/RTranslator	https://github.com/niedev/RTranslator.git	10280	46973	Open source real-time translation app for Android that runs locally
cpp	bpftrace/bpftrace	https://github.com/bpftrace/bpftrace.git	10225	20521	High-level tracing language for Linux
cpp	raulmur/ORB_SLAM2	https://github.com/raulmur/ORB_SLAM2.git	10197	42427	Real-Time SLAM for Monocular, Stereo and RGB-D Cameras, with Loop Detection and Relocalization Capabilities
cpp	LMMS/lmms	https://github.com/LMMS/lmms.git	10171	100090	Cross-platform music production software
cpp	opencv/opencv_contrib	https://github.com/opencv/opencv_contrib.git	10149	154714	Repository for OpenCV's extra modules
cpp	NVIDIA/cutlass	https://github.com/NVIDIA/cutlass.git	10127	69461	CUDA Templates and Python DSLs for High-Performance Linear Algebra
cpp	deepseek-ai/3FS	https://github.com/deepseek-ai/3FS.git	10077	6132	 A high-performance distributed file system designed to address the challenges of AI training and inference workloads. 
cpp	TarsCloud/Tars	https://github.com/TarsCloud/Tars.git	10072	15961	Tars is a high-performance RPC framework based on name service and Tars protocol, also integrated administration platform, and implemented hosting-service via f
cpp	cxasm/notepad--	https://github.com/cxasm/notepad--.git	9970	34486	一个支持windows/linux/mac的文本编辑器，目标是做中国人自己的编辑器，来自中国。
cpp	PrismLauncher/PrismLauncher	https://github.com/PrismLauncher/PrismLauncher.git	9956	43490	A custom launcher for Minecraft that allows you to easily manage multiple installations of Minecraft at once (Fork of MultiMC)
cpp	s3fs-fuse/s3fs-fuse	https://github.com/s3fs-fuse/s3fs-fuse.git	9937	7215	FUSE-based file system backed by Amazon S3
cpp	BYVoid/OpenCC	https://github.com/BYVoid/OpenCC.git	9853	22194	Library for conversion between Traditional and Simplified Chinese
cpp	AGWA/git-crypt	https://github.com/AGWA/git-crypt.git	9822	350	Transparent file encryption in git
cpp	openscad/openscad	https://github.com/openscad/openscad.git	9804	82941	OpenSCAD - The Programmers Solid 3D CAD Modeller  
cpp	ValveSoftware/GameNetworkingSockets	https://github.com/ValveSoftware/GameNetworkingSockets.git	9802	17550	Reliable & unreliable messages over UDP.  Robust message fragmentation & reassembly.  P2P networking / NAT traversal.  Encryption.
cpp	google/re2	https://github.com/google/re2.git	9755	10559	RE2 is a fast, safe, thread-friendly alternative to backtracking regular expression engines like those used in PCRE, Perl, and Python. It is a C++ library.
cpp	cocos/cocos-engine	https://github.com/cocos/cocos-engine.git	9721	358611	Cocos simplifies game creation and distribution with Cocos Creator, a free, open-source, cross-platform game engine. Empowering millions of developers to create
cpp	owasp-modsecurity/ModSecurity	https://github.com/owasp-modsecurity/ModSecurity.git	9721	78225	ModSecurity is an open source, cross platform web application firewall (WAF) engine for Apache, IIS and Nginx. It has a robust event-based programming language 
cpp	rapidsai/cudf	https://github.com/rapidsai/cudf.git	9715	213981	cuDF - GPU DataFrame Library 
cpp	Tiiny-AI/PowerInfer	https://github.com/Tiiny-AI/PowerInfer.git	9677	21023	High-speed Large Language Model Serving for Local Deployment
cpp	diasurgical/DevilutionX	https://github.com/diasurgical/DevilutionX.git	9635	96033	Diablo build for modern operating systems
cpp	gzc/CLRS	https://github.com/gzc/CLRS.git	9605	12300	:notebook:Solutions to Introduction to Algorithms
cpp	cemu-project/Cemu	https://github.com/cemu-project/Cemu.git	9598	29080	Cemu - Wii U emulator
cpp	xenia-project/xenia	https://github.com/xenia-project/xenia.git	9572	54149	Xbox 360 Emulator Research Project
cpp	o3de/o3de	https://github.com/o3de/o3de.git	9539	230107	Open 3D Engine (O3DE) is an Apache 2.0-licensed multi-platform 3D engine that enables developers and content creators to build AAA games, cinema-quality 3D worl
cpp	ange-yaghi/engine-sim	https://github.com/ange-yaghi/engine-sim.git	9482	5966	Combustion engine simulator that generates realistic audio.
cpp	optiscaler/OptiScaler	https://github.com/optiscaler/OptiScaler.git	9468	166450	OptiScaler bridges upscaling/frame gen across GPUs. Supports DLSS2+/XeSS/FSR2+ inputs, replaces native upscalers, enables FSR-FG/XeFG on non-FG titles. Supports
cpp	pocoproject/poco	https://github.com/pocoproject/poco.git	9452	168990	The POCO C++ Libraries are powerful cross-platform C++ libraries for building network- and internet-based applications that run on desktop, server, mobile, IoT,
cpp	Oneflow-Inc/oneflow	https://github.com/Oneflow-Inc/oneflow.git	9415	86614	OneFlow is a deep learning framework designed to be user-friendly, scalable and efficient.
rust	zellij-org/zellij	https://github.com/zellij-org/zellij.git	34500	166820	A terminal workspace with batteries included
rust	fish-shell/fish-shell	https://github.com/fish-shell/fish-shell.git	33918	183208	The user-friendly command line shell.
rust	TabbyML/tabby	https://github.com/TabbyML/tabby.git	33790	109305	Self-hosted AI coding assistant
rust	qdrant/qdrant	https://github.com/qdrant/qdrant.git	33586	58010	Qdrant - High-performance, massive-scale Vector Database and Vector Search Engine for the next generation of AI. Also available in the cloud https://cloud.qdran
rust	google/comprehensive-rust	https://github.com/google/comprehensive-rust.git	33267	28689	This is the Rust course used by the Android team at Google. It provides you the material to quickly teach Rust.
rust	surrealdb/surrealdb	https://github.com/surrealdb/surrealdb.git	32757	59027	A scalable, distributed, collaborative, document-graph database, for the realtime web
rust	yewstack/yew	https://github.com/yewstack/yew.git	32753	21761	Rust / Wasm framework for creating reliable and efficient web applications
rust	tokio-rs/tokio	https://github.com/tokio-rs/tokio.git	32650	17135	A runtime for writing reliable asynchronous applications with Rust. Provides I/O, networking, scheduling, timers, ...
rust	zeroclaw-labs/zeroclaw	https://github.com/zeroclaw-labs/zeroclaw.git	32394	149673	Fast, small, and fully autonomous AI personal assistant infrastructure, any OS, any platform — deploy anywhere, swap anything 🦀
rust	linera-io/linera-protocol	https://github.com/linera-io/linera-protocol.git	32152	241598	Main repository for the Linera protocol
rust	influxdata/influxdb	https://github.com/influxdata/influxdb.git	31654	210692	Scalable datastore for metrics, events, and real-time analytics
rust	dandavison/delta	https://github.com/dandavison/delta.git	31557	11196	A syntax-highlighting pager for git, diff, grep, rg --json, and blame output
rust	jdx/mise	https://github.com/jdx/mise.git	31131	82354	dev tools, env vars, task runner
rust	iced-rs/iced	https://github.com/iced-rs/iced.git	31069	22273	A cross-platform GUI library for Rust, inspired by Elm
rust	atuinsh/atuin	https://github.com/atuinsh/atuin.git	30774	60512	✨ Making your shell magical
rust	AlexsJones/llmfit	https://github.com/AlexsJones/llmfit.git	30631	27455	Hundreds of models & providers. One command to find what runs on your hardware.
rust	jj-vcs/jj	https://github.com/jj-vcs/jj.git	30609	166675	A Git-compatible VCS that is both simple and powerful
rust	lbjlaq/Antigravity-Manager	https://github.com/lbjlaq/Antigravity-Manager.git	30227	83722	Professional Antigravity Account Manager & Switcher. One-click seamless account switching for Antigravity Tools. Built with Tauri v2 + React (Rust).专业的 Antigrav
rust	rustfs/rustfs	https://github.com/rustfs/rustfs.git	30207	45777	🚀2.3x faster than MinIO for 4KB object payloads. RustFS is an open-source, S3-compatible high-performance object storage system supporting migration and coexist
rust	googleworkspace/cli	https://github.com/googleworkspace/cli.git	30006	10745	Google Workspace CLI — one command-line tool for Drive, Gmail, Calendar, Sheets, Docs, Chat, Admin, and more. Dynamically built from Google Discovery Service. I
rust	emilk/egui	https://github.com/emilk/egui.git	29836	93558	egui: an easy-to-use immediate mode GUI in Rust that runs on both web and native
rust	ankitects/anki	https://github.com/ankitects/anki.git	29307	52290	Anki is a smart spaced repetition flashcard program
rust	sharkdp/hyperfine	https://github.com/sharkdp/hyperfine.git	28535	1997	A command-line benchmarking tool
rust	wezterm/wezterm	https://github.com/wezterm/wezterm.git	27934	316353	A GPU-accelerated cross-platform terminal emulator and multiplexer written by @wez and implemented in Rust
rust	BloopAI/vibe-kanban	https://github.com/BloopAI/vibe-kanban.git	27515	103762	Get 10X more out of Claude Code, Codex or any coding agent
rust	cjpais/Handy	https://github.com/cjpais/Handy.git	27501	11559	A free, open source, and extensible speech-to-text application that works completely offline.
rust	cloudflare/pingora	https://github.com/cloudflare/pingora.git	27064	5157	A library for building fast, reliable and evolvable network services.
rust	oldj/SwitchHosts	https://github.com/oldj/SwitchHosts.git	26982	36850	Switch hosts quickly!
rust	xai-org/x-algorithm	https://github.com/xai-org/x-algorithm.git	26830	214	Algorithm powering the For You feed on X
rust	GraphiteEditor/Graphite	https://github.com/GraphiteEditor/Graphite.git	26662	51379	Community-built comprehensive 2D content creation appplication for graphic design, digital art, and interactive real-time motion graphics powered by a node-base
rust	Zackriya-Solutions/meetily	https://github.com/Zackriya-Solutions/meetily.git	26653	48206	Privacy first, AI meeting assistant with 4x faster Parakeet/Whisper live transcription, speaker diarization, and Ollama summarization built on Rust. 100% local 
rust	tokio-rs/axum	https://github.com/tokio-rs/axum.git	26637	6000	HTTP routing and request-handling library for Rust that focuses on ergonomics and modularity
rust	BigPizzaV3/CodexPlusPlus	https://github.com/BigPizzaV3/CodexPlusPlus.git	26625	30483	An enhanced tool for CodexApp, striving to make Codex better to use and more comfortable 一个CodexApp的增强工具，努力让Codex变得更好用更舒服
rust	tree-sitter/tree-sitter	https://github.com/tree-sitter/tree-sitter.git	26426	22650	An incremental parsing system for programming tools
rust	niri-wm/niri	https://github.com/niri-wm/niri.git	26375	12358	A scrollable-tiling Wayland compositor.
rust	Schniz/fnm	https://github.com/Schniz/fnm.git	26364	4422	🚀 Fast and simple Node.js version manager, built in Rust
rust	TheAlgorithms/Rust	https://github.com/TheAlgorithms/Rust.git	25946	1622	 All Algorithms implemented in Rust 
rust	rwf2/Rocket	https://github.com/rwf2/Rocket.git	25767	8454	A web framework for Rust.
rust	biomejs/biome	https://github.com/biomejs/biome.git	25386	269498	A toolchain for web projects, aimed to provide functionalities to maintain them. Biome offers formatter and linter, usable via CLI and LSP.
rust	zama-ai/fhevm	https://github.com/zama-ai/fhevm.git	25148	151967	FHEVM, a full-stack framework for integrating Fully Homomorphic Encryption (FHE) with blockchain applications
rust	nautechsystems/nautilus_trader	https://github.com/nautechsystems/nautilus_trader.git	24995	244117	Production-grade Rust-native trading engine with deterministic event-driven architecture
rust	clockworklabs/SpacetimeDB	https://github.com/clockworklabs/SpacetimeDB.git	24822	92720	Development at the speed of light
rust	actix/actix-web	https://github.com/actix/actix-web.git	24747	17937	Actix Web is a powerful, pragmatic, and extremely fast web framework for Rust.
rust	ogham/exa	https://github.com/ogham/exa.git	24438	3747	A modern replacement for ‘ls’.
rust	uutils/coreutils	https://github.com/uutils/coreutils.git	23817	42359	Cross-platform Rust rewrite of the GNU coreutils
rust	tursodatabase/turso	https://github.com/tursodatabase/turso.git	23430	86939	A SQL database in Rust: SQLite-compatible, now also speaking Postgres (experimental). The LLVM of databases.
rust	slint-ui/slint	https://github.com/slint-ui/slint.git	23316	81019	Slint is an open-source declarative GUI toolkit to build native user interfaces for Rust, C++, JavaScript, or Python apps.
rust	eza-community/eza	https://github.com/eza-community/eza.git	22723	8312	A modern alternative to ls
rust	neondatabase/neon	https://github.com/neondatabase/neon.git	22669	83608	Neon: Serverless Postgres. We separated storage and compute to offer autoscaling, code-like database branching, and scale to zero.
rust	xai-org/grok-build	https://github.com/xai-org/grok-build.git	22542	20892	SpaceXAI's coding agent harness and TUI. Fullscreen, mouse interactive, extensible.
rust	gitui-org/gitui	https://github.com/gitui-org/gitui.git	22287	65793	Blazing 💥 fast terminal-ui for git written in rust 🦀
rust	facebook/flow	https://github.com/facebook/flow.git	22276	187615	Adds static typing to JavaScript to improve developer productivity and code quality.
rust	vectordotdev/vector	https://github.com/vectordotdev/vector.git	22231	140512	A high-performance observability data pipeline.
rust	RustPython/RustPython	https://github.com/RustPython/RustPython.git	22222	102103	A Python Interpreter written in Rust
rust	oxc-project/oxc	https://github.com/oxc-project/oxc.git	22110	181774	⚓ A collection of high-performance JavaScript tools.
rust	rust-lang/mdBook	https://github.com/rust-lang/mdBook.git	22009	7435	Create book from markdown files. Like Gitbook but implemented in Rust
rust	ratatui/ratatui	https://github.com/ratatui/ratatui.git	21897	138576	A Rust crate for cooking up terminal user interfaces (TUIs) 👨‍🍳🐀 https://ratatui.rs
rust	gleam-lang/gleam	https://github.com/gleam-lang/gleam.git	21683	28502	⭐️ A friendly language for building type-safe, scalable systems!
rust	bee-san/Ciphey	https://github.com/bee-san/Ciphey.git	21553	22974	⚡ Automatically decrypt encryptions without knowing the key or cipher, decode encodings, and crack hashes ⚡
rust	gitbutlerapp/gitbutler	https://github.com/gitbutlerapp/gitbutler.git	21366	270997	The GitButler version control client, backed by Git, powered by Tauri/Rust/Svelte
rust	valeriansaliou/sonic	https://github.com/valeriansaliou/sonic.git	21291	3334	🦔 Fast, lightweight & schema-less search backend. An alternative to Elasticsearch that runs on a few MBs of RAM.
rust	nikivdev/code	https://github.com/nikivdev/code.git	21127	5660	
rust	leptos-rs/leptos	https://github.com/leptos-rs/leptos.git	21119	17957	Build fast web applications with Rust.
rust	ogulcancelik/herdr	https://github.com/ogulcancelik/herdr.git	20832	32615	agent multiplexer that lives in your terminal.
rust	huggingface/candle	https://github.com/huggingface/candle.git	20725	19420	Minimalist ML framework for Rust
rust	bee-san/RustScan	https://github.com/bee-san/RustScan.git	20174	14866	🤖 The Modern Port Scanner 🤖
rust	xi-editor/xi-editor	https://github.com/xi-editor/xi-editor.git	19823	9704	A modern editor with a backend written in Rust.
rust	HigherOrderCO/Bend	https://github.com/HigherOrderCO/Bend.git	19757	74572	A massively parallel, high-level programming language
rust	h4ckf0r0day/obscura	https://github.com/h4ckf0r0day/obscura.git	19698	5469	The headless browser for AI agents and web scraping
rust	0x192/universal-android-debloater	https://github.com/0x192/universal-android-debloater.git	19665	9300	Cross-platform GUI written in Rust using ADB to debloat non-rooted android devices. Improve your privacy, the security and battery life of your device.
rust	fathyb/carbonyl	https://github.com/fathyb/carbonyl.git	19288	283	Chromium running inside your terminal
rust	Rigellute/spotify-tui	https://github.com/Rigellute/spotify-tui.git	19272	2403	Spotify for the terminal written in Rust 🚀
rust	bytecodealliance/wasmtime	https://github.com/bytecodealliance/wasmtime.git	18426	158199	A lightweight WebAssembly runtime that is fast, secure, and standards-compliant
rust	ruffle-rs/ruffle	https://github.com/ruffle-rs/ruffle.git	18341	178316	A Flash Player emulator written in Rust
rust	RightNow-AI/openfang	https://github.com/RightNow-AI/openfang.git	18057	9982	Open-source Agent Operating System
rust	gfx-rs/wgpu	https://github.com/gfx-rs/wgpu.git	17648	83188	A cross-platform, safe, pure-Rust graphics API.
rust	asciinema/asciinema	https://github.com/asciinema/asciinema.git	17602	4979	Terminal session recorder, streamer and player 📹
rust	ccusage/ccusage	https://github.com/ccusage/ccusage.git	17461	15379	npx ccusage
rust	eythaann/Seelen-UI	https://github.com/eythaann/Seelen-UI.git	17437	90672	The Fully Customizable Desktop Environment for Windows 10/11.
rust	denisidoro/navi	https://github.com/denisidoro/navi.git	17355	1575	An interactive cheatsheet tool for the command-line
rust	transact-rs/sqlx	https://github.com/transact-rs/sqlx.git	17347	9802	🧰 The Rust SQL Toolkit. An async, pure Rust SQL crate featuring compile-time checked queries without a DSL. Supports PostgreSQL, MySQL, and SQLite.
rust	getzola/zola	https://github.com/getzola/zola.git	17275	122034	A fast static site generator in a single binary with everything built-in. https://www.getzola.org
rust	louis-e/arnis	https://github.com/louis-e/arnis.git	17109	101872	Generate any location from the real world in Minecraft with a high level of detail.
rust	tikv/tikv	https://github.com/tikv/tikv.git	16774	138122	Distributed transactional key-value database, originally created to complement TiDB
rust	rust-lang/rust-analyzer	https://github.com/rust-lang/rust-analyzer.git	16694	121742	A Rust compiler front-end for IDEs
rust	diem/diem	https://github.com/diem/diem.git	16673	123591	Diem’s mission is to build a trusted and innovative financial network that empowers people and businesses around the world.
rust	clap-rs/clap	https://github.com/clap-rs/clap.git	16585	21090	A full featured, fast Command Line Argument Parser for Rust
rust	redox-os/redox	https://github.com/redox-os/redox.git	16456	27500	Mirror of https://gitlab.redox-os.org/redox-os/redox
rust	hyperium/hyper	https://github.com/hyperium/hyper.git	16236	14684	An HTTP library for Rust
rust	lsd-rs/lsd	https://github.com/lsd-rs/lsd.git	16149	1695	The next gen ls command
rust	memvid/memvid	https://github.com/memvid/memvid.git	16064	30510	Memory layer for AI Agents. Replace complex RAG pipelines with a serverless, single-file memory layer. Give your agents instant retrieval and long-term memory.
rust	PyO3/pyo3	https://github.com/PyO3/pyo3.git	15956	58385	Rust bindings for the Python interpreter
rust	tracel-ai/burn	https://github.com/tracel-ai/burn.git	15642	78690	Burn is a next generation tensor library and Deep Learning Framework that doesn't compromise on flexibility, efficiency and portability.
rust	quickwit-oss/tantivy	https://github.com/quickwit-oss/tantivy.git	15608	65603	Tantivy is a full-text search engine library inspired by Apache Lucene and written in Rust
rust	benfred/py-spy	https://github.com/benfred/py-spy.git	15386	3230	Sampling profiler for Python programs
rust	Y2Z/monolith	https://github.com/Y2Z/monolith.git	15361	4347	⬛️ CLI tool and library for saving complete web pages as a single HTML file
rust	rust-lang/cargo	https://github.com/rust-lang/cargo.git	15283	72282	The Rust package manager
rust	ast-grep/ast-grep	https://github.com/ast-grep/ast-grep.git	15193	10225	⚡A CLI tool for code structural search, lint and rewriting. Written in Rust
rust	neovide/neovide	https://github.com/neovide/neovide.git	15141	88153	No Nonsense Neovim Client in Rust
rust	LGUG2Z/komorebi	https://github.com/LGUG2Z/komorebi.git	14961	15688	A tiling window manager for Windows 🍉
rust	microsoft/RustTraining	https://github.com/microsoft/RustTraining.git	14745	1745	Beginner, advanced, expert level Rust training material
rust	XAMPPRocky/tokei	https://github.com/XAMPPRocky/tokei.git	14719	2980	Count your code, quickly.
rust	sunface/rust-by-practice	https://github.com/sunface/rust-by-practice.git	14665	2878	Learning Rust By Practice,  narrowing the gap between beginner and skilled-dev through challenging examples, exercises and projects.
rust	vosen/ZLUDA	https://github.com/vosen/ZLUDA.git	14648	13421	CUDA on non-NVIDIA GPUs
rust	LemmyNet/lemmy	https://github.com/LemmyNet/lemmy.git	14520	39659	🐀 A decentralised discussion platform for communities.
rust	microsoft/edit	https://github.com/microsoft/edit.git	14412	2663	We all edit.
rust	jlcodes99/cockpit-tools	https://github.com/jlcodes99/cockpit-tools.git	14353	395316	 🚀 通用 AI IDE 账号管理工具：支持 Antigravity / Codex / GitHub Copilot / Windsurf / Kiro / Cursor / Gemini-cli / CodeBuddy，多账号切换、配额监控、自动唤醒与多开实例管理。 🚀 Universal AI IDE accou
rust	espanso/espanso	https://github.com/espanso/espanso.git	14158	103653	A Privacy-first, Cross-platform Text Expander written in Rust
rust	ReFirmLabs/binwalk	https://github.com/ReFirmLabs/binwalk.git	14143	53101	Firmware Analysis Tool
rust	diesel-rs/diesel	https://github.com/diesel-rs/diesel.git	14128	155796	A safe, extensible ORM and Query Builder for Rust
rust	rathole-org/rathole	https://github.com/rathole-org/rathole.git	13948	670	A lightweight and high-performance reverse proxy for NAT traversal, written in Rust. An alternative to frp and ngrok.
rust	stalwartlabs/stalwart	https://github.com/stalwartlabs/stalwart.git	13843	38688	All-in-one Mail & Collaboration server. Secure, scalable and fluent in every protocol (IMAP, JMAP, SMTP, CalDAV, CardDAV, WebDAV).
rust	rolldown/rolldown	https://github.com/rolldown/rolldown.git	13819	72551	Fast Rust bundler for JavaScript/TypeScript with Rollup-compatible API.
rust	ClementTsang/bottom	https://github.com/ClementTsang/bottom.git	13786	89259	Yet another cross-platform graphical process/system monitor.
rust	dbt-labs/dbt-core	https://github.com/dbt-labs/dbt-core.git	13516	86232	dbt enables data analysts and engineers to transform their data using the same practices that software engineers use to build applications.
rust	Automattic/harper	https://github.com/Automattic/harper.git	13460	42926	Offline, privacy-first grammar checker. Fast, open-source, Rust-powered
rust	rust-lang/rust-clippy	https://github.com/rust-lang/rust-clippy.git	13383	85576	A bunch of lints to catch common mistakes and improve your Rust code. Book: https://doc.rust-lang.org/clippy/
rust	rayon-rs/rayon	https://github.com/rayon-rs/rayon.git	13184	3622	Rayon: A data parallelism library for Rust
rust	libnyanpasu/clash-nyanpasu	https://github.com/libnyanpasu/clash-nyanpasu.git	13112	45320	Clash Nyanpasu～(∠・ω< )⌒☆​
rust	volta-cli/volta	https://github.com/volta-cli/volta.git	13035	67511	Volta: JS Toolchains as Code. ⚡
go	gofiber/fiber	https://github.com/gofiber/fiber.git	40018	77275	⚡️ Express inspired web framework written in Go
go	photoprism/photoprism	https://github.com/photoprism/photoprism.git	40001	373909	AI-Powered Photos App 🌈💎✨
go	evanw/esbuild	https://github.com/evanw/esbuild.git	39992	20481	An extremely fast bundler for the web
go	go-gorm/gorm	https://github.com/go-gorm/gorm.git	39884	4827	The fantastic ORM library for Golang, aims to be developer friendly
go	schollz/croc	https://github.com/schollz/croc.git	38472	28405	Easily and securely send things from one computer to another :crocodile: :package:
go	istio/istio	https://github.com/istio/istio.git	38301	301164	Connect, secure, control, and observe services.
go	docker/compose	https://github.com/docker/compose.git	37887	28333	Define and run multi-container applications with Docker
go	harness/harness	https://github.com/harness/harness.git	37494	59850	Harness Open Source is an end-to-end developer platform with Source Control Management, CI/CD Pipelines, Hosted Developer Environments, and Artifact Registries.
go	IceWhaleTech/CasaOS	https://github.com/IceWhaleTech/CasaOS.git	36874	182856	CasaOS - A simple, easy-to-use, elegant open-source Personal Cloud system.
go	SagerNet/sing-box	https://github.com/SagerNet/sing-box.git	36429	22820	The universal proxy platform
go	1Panel-dev/1Panel	https://github.com/1Panel-dev/1Panel.git	36329	103056	🔥 1Panel is a modern, open-source VPS control panel — and the only one with native AI agent support. Run Ollama models, deploy OpenClaw agents, and manage your 
go	hashicorp/vault	https://github.com/hashicorp/vault.git	36017	355437	A tool for secrets management, encryption as a service, and privileged access management
go	glanceapp/glance	https://github.com/glanceapp/glance.git	35980	20153	A self-hosted dashboard that puts all your feeds in one place
go	filebrowser/filebrowser	https://github.com/filebrowser/filebrowser.git	35675	24181	📂 Web File Browser
go	restic/restic	https://github.com/restic/restic.git	35156	71436	Fast, secure, efficient backup program
go	unknwon/the-way-to-go_ZH_CN	https://github.com/unknwon/the-way-to-go_ZH_CN.git	35062	12602	《The Way to Go》中文译本，中文正式名《Go 入门指南》
go	v2fly/v2ray-core	https://github.com/v2fly/v2ray-core.git	34375	69319	A platform for building proxies to bypass network restrictions.
go	tailscale/tailscale	https://github.com/tailscale/tailscale.git	34332	84781	The easiest, most secure way to use WireGuard and 2FA.
go	Wei-Shaw/sub2api	https://github.com/Wei-Shaw/sub2api.git	34266	86762	Sub2API 一站式开源中转服务，让 Claude、Openai 、Gemini、Grok订阅统一接入，支持拼车共享，更高效分摊成本，原生工具无缝使用。
go	derailed/k9s	https://github.com/derailed/k9s.git	34211	65405	🐶 Kubernetes CLI To Manage Your Clusters In Style!
go	ehang-io/nps	https://github.com/ehang-io/nps.git	34138	9168	一款轻量级、高性能、功能强大的内网穿透代理服务器。支持tcp、udp、socks5、http等几乎所有流量转发，可用来访问内网网站、本地支付接口调试、ssh访问、远程桌面，内网dns解析、内网socks5代理等等……，并带有功能强大的web管理端。a lightweight, high-performance, pow
go	halfrost/LeetCode-Go	https://github.com/halfrost/LeetCode-Go.git	33778	42886	✅ Solutions to LeetCode by Go, 100% test coverage, runtime beats 100% | LeetCode 题解
go	seaweedfs/seaweedfs	https://github.com/seaweedfs/seaweedfs.git	33710	209695	SeaweedFS is a distributed storage system for object storage (S3), file systems, and Iceberg tables, designed to handle billions of files with O(1) disk access 
go	zeromicro/go-zero	https://github.com/zeromicro/go-zero.git	33219	33158	A cloud-native Go microservices framework with cli tool for productivity.
go	labstack/echo	https://github.com/labstack/echo.git	32562	6695	High performance, minimalist Go web framework
go	beego/beego	https://github.com/beego/beego.git	32409	12011	beego is an open-source, high-performance web framework for the Go programming language.
go	podman-container-tools/podman	https://github.com/podman-container-tools/podman.git	32365	185971	Podman: A tool for managing OCI containers and pods.
go	binwiederhier/ntfy	https://github.com/binwiederhier/ntfy.git	32218	42670	Send push notifications to your phone or desktop using PUT/POST
go	kubernetes/minikube	https://github.com/kubernetes/minikube.git	31985	302830	Run Kubernetes locally
go	github/github-mcp-server	https://github.com/github/github-mcp-server.git	31718	54806	GitHub's official MCP Server
go	iawia002/lux	https://github.com/iawia002/lux.git	31568	2566	👾 Fast and simple video download library and CLI tool written in Go
go	grafana/k6	https://github.com/grafana/k6.git	31114	81380	A modern load testing tool, using Go and JavaScript
go	spf13/viper	https://github.com/spf13/viper.git	30379	1625	Go configuration with fangs
go	chubin/wttr.in	https://github.com/chubin/wttr.in.git	30174	14746	:partly_sunny: The right way to check the weather
go	abiosoft/colima	https://github.com/abiosoft/colima.git	30090	3427	Container runtimes on macOS (and Linux) with minimal setup
go	helm/helm	https://github.com/helm/helm.git	30040	28853	The Kubernetes Package Manager
go	projectdiscovery/nuclei	https://github.com/projectdiscovery/nuclei.git	30004	45045	Nuclei is a fast, customizable vulnerability scanner powered by the global security community and built on a simple YAML-based DSL, enabling collaboration to ta
go	sipeed/picoclaw	https://github.com/sipeed/picoclaw.git	29720	41575	Tiny, Fast, and Deployable anywhere — automate the mundane, unleash your creativity
go	opentofu/opentofu	https://github.com/opentofu/opentofu.git	29566	288521	OpenTofu lets you declaratively manage your cloud infrastructure.
go	micro-editor/micro	https://github.com/micro-editor/micro.git	29103	14070	A modern and intuitive terminal-based text editor
go	goharbor/harbor	https://github.com/goharbor/harbor.git	29017	264578	An open source trusted cloud native registry project that stores, signs, and scans content.
go	fyne-io/fyne	https://github.com/fyne-io/fyne.git	28532	121570	Cross platform GUI toolkit in Go inspired by Material Design
go	cloudreve/cloudreve	https://github.com/cloudreve/cloudreve.git	28415	9622	🌩 Self-hosted file management and sharing system, supports multiple storage providers
go	authelia/authelia	https://github.com/authelia/authelia.git	28366	80196	The Single Sign-On Multi-Factor portal for web apps, now OpenID Certified™
go	gitleaks/gitleaks	https://github.com/gitleaks/gitleaks.git	28308	6440	Find secrets with Gitleaks 🔑
go	XIU2/CloudflareSpeedTest	https://github.com/XIU2/CloudflareSpeedTest.git	28100	398	🌩「自选优选 IP」测试 Cloudflare CDN 延迟和速度，获取最快 IP ！当然也支持其他 CDN / 多个解析 IP 的网站 ~
go	esengine/DeepSeek-Reasonix	https://github.com/esengine/DeepSeek-Reasonix.git	27781	58536	DeepSeek-native AI coding agent for your terminal. Engineered around prefix-cache stability — leave it running.
go	netbirdio/netbird	https://github.com/netbirdio/netbird.git	27712	163013	Connect your devices into a secure WireGuard®-based overlay network with SSO, MFA and granular access controls.
go	go-kit/kit	https://github.com/go-kit/kit.git	27429	7390	A standard library for microservices.
go	trufflesecurity/trufflehog	https://github.com/trufflesecurity/trufflehog.git	27205	51411	Find, verify, and analyze leaked credentials
go	Wox-launcher/Wox	https://github.com/Wox-launcher/Wox.git	27170	388080	A cross-platform launcher that simply works
go	charmbracelet/crush	https://github.com/charmbracelet/crush.git	26847	28663	Glamourous agentic coding for all 💘
go	charmbracelet/glow	https://github.com/charmbracelet/glow.git	26519	3013	Render markdown on the CLI, with pizzazz! 💅🏻
go	openfaas/faas	https://github.com/openfaas/faas.git	26213	33523	OpenFaaS - Serverless Functions Made Simple
go	yeasy/docker_practice	https://github.com/yeasy/docker_practice.git	26172	22703	最新Docker容器技术，从真实案例中学习最佳实践！| Learn and understand Docker&Container technologies, with real DevOps practice!
go	stretchr/testify	https://github.com/stretchr/testify.git	26103	2050	A toolkit with common assertions and mocks that plays nicely with the standard library
go	microsoft/typescript-go	https://github.com/microsoft/typescript-go.git	26059	309599	Staging repo for development of native port of TypeScript
go	dapr/dapr	https://github.com/dapr/dapr.git	25985	206955	Dapr is a portable runtime for building distributed applications across cloud and edge, combining event-driven architecture with workflow orchestration.
go	go-kratos/kratos	https://github.com/go-kratos/kratos.git	25814	9986	Your ultimate Go microservices framework for the cloud-native era.
go	rancher/rancher	https://github.com/rancher/rancher.git	25779	179718	Complete container management platform
go	nsqio/nsq	https://github.com/nsqio/nsq.git	25760	14105	A realtime distributed messaging platform
go	sirupsen/logrus	https://github.com/sirupsen/logrus.git	25750	1292	Structured, pluggable logging for Go.
go	kataras/iris	https://github.com/kataras/iris.git	25569	18454	The fastest HTTP/2 Go Web Framework. New, modern and easy to learn. Fast development with Code you control. Unbeatable cost-performance ratio :rocket:
go	asdf-vm/asdf	https://github.com/asdf-vm/asdf.git	25485	4457	Extendable version manager with support for Ruby, Node.js, Elixir, Erlang & more
go	pulumi/pulumi	https://github.com/pulumi/pulumi.git	25480	358879	Pulumi - Infrastructure as Code in any programming language 🚀
go	GopeedLab/gopeed	https://github.com/GopeedLab/gopeed.git	25479	6412	  A fast, modern download manager for HTTP, BitTorrent, Magnet, and ed2k. Cross-platform, built with Golang and Flutter.
go	gocolly/colly	https://github.com/gocolly/colly.git	25392	8903	Elegant Scraper and Crawler Framework for Golang
go	tsenart/vegeta	https://github.com/tsenart/vegeta.git	25128	3957	HTTP load testing tool and library. It's over 9000!
go	flipped-aurora/gin-vue-admin	https://github.com/flipped-aurora/gin-vue-admin.git	24876	18562	🚀Vite+Vue3+Gin拥有AI辅助的基础开发平台，企业级业务AI+开发解决方案，内置mcp辅助服务，内置skills管理，支持TS和JS混用。它集成了JWT鉴权、权限管理、动态路由、显隐可控组件、分页封装、多点登录拦截、资源权限、上传下载、代码生成器、表单生成器和可配置的导入导出等开发必备功能。
go	go-delve/delve	https://github.com/go-delve/delve.git	24848	35633	Delve is a debugger for the Go programming language.
go	gorilla/websocket	https://github.com/gorilla/websocket.git	24822	436	Package gorilla/websocket is a fast, well-tested and widely used WebSocket implementation for Go.
go	terrastruct/d2	https://github.com/terrastruct/d2.git	24764	245143	D2 is a modern diagram scripting language that turns text to diagrams.
go	uber-go/zap	https://github.com/uber-go/zap.git	24585	1993	Blazing fast, structured, leveled logging in Go.
go	urfave/cli	https://github.com/urfave/cli.git	24175	12428	A declarative, simple, fast, and fun package for building command line tools in Go
go	charmbracelet/gum	https://github.com/charmbracelet/gum.git	24094	987	A tool for glamorous shell scripts 🎀
go	dolthub/dolt	https://github.com/dolthub/dolt.git	23981	184643	Dolt – Git for Data
go	air-verse/air	https://github.com/air-verse/air.git	23815	33928	☁️ Live reload for Go apps
go	henrygd/beszel	https://github.com/henrygd/beszel.git	23757	8661	Lightweight server monitoring with historical data, docker stats, and alerts.
go	argoproj/argo-cd	https://github.com/argoproj/argo-cd.git	23726	205018	Declarative Continuous Deployment for Kubernetes
go	OpenListTeam/OpenList	https://github.com/OpenListTeam/OpenList.git	23696	9140	A new AList Fork to Anti Trust Crisis
go	valyala/fasthttp	https://github.com/valyala/fasthttp.git	23422	4221	Fast HTTP package for Go. Tuned for high performance. Zero memory allocations in hot paths. Up to 10x faster than net/http
go	slimtoolkit/slim	https://github.com/slimtoolkit/slim.git	23359	81963	Slim(toolkit): Don't change anything in your container image and minify it by up to 30x (and for compiled languages even more) making it secure too! (free and o
go	JanDeDobbeleer/oh-my-posh	https://github.com/JanDeDobbeleer/oh-my-posh.git	23162	52244	The most customisable and low-latency cross platform/shell prompt renderer
go	jaegertracing/jaeger	https://github.com/jaegertracing/jaeger.git	23030	40845	CNCF Jaeger, a Distributed Tracing Platform
go	grpc/grpc-go	https://github.com/grpc/grpc-go.git	23016	45303	The Go language implementation of gRPC. HTTP/2 based RPC
go	FiloSottile/age	https://github.com/FiloSottile/age.git	22998	1623	A simple, modern and secure encryption tool (and Go library) with small explicit keys, no config options, and UNIX-style composability.
go	micro/go-micro	https://github.com/micro/go-micro.git	22970	36654	A Go agent harness and service framework
go	mislav/hub	https://github.com/mislav/hub.git	22955	7336	A command-line tool that makes git easier to use with GitHub.
go	getsops/sops	https://github.com/getsops/sops.git	22590	146779	Simple and flexible tool for managing secrets
go	go-chi/chi	https://github.com/go-chi/chi.git	22572	3855	lightweight, idiomatic and composable router for building Go HTTP services
go	navidrome/navidrome	https://github.com/navidrome/navidrome.git	22501	57106	🎧 Your Personal Streaming Service 
go	knadh/listmonk	https://github.com/knadh/listmonk.git	22432	50326	High performance, self-hosted, newsletter and mailing list manager with a modern dashboard. Single binary app.
go	redis/go-redis	https://github.com/redis/go-redis.git	22198	24434	Redis Go client
go	apernet/hysteria	https://github.com/apernet/hysteria.git	22172	10267	Hysteria is a powerful, lightning fast and censorship resistant proxy.
go	chaitin/SafeLine	https://github.com/chaitin/SafeLine.git	21976	80061	SafeLine is a self-hosted WAF(Web Application Firewall) / reverse proxy to protect your web apps from attacks and exploits.
go	temporalio/temporal	https://github.com/temporalio/temporal.git	21841	149856	Temporal service
go	gorilla/mux	https://github.com/gorilla/mux.git	21831	543	Package gorilla/mux is a powerful HTTP router and URL matcher for building Go web servers with 🦍
go	wavetermdev/waveterm	https://github.com/wavetermdev/waveterm.git	21790	55461	An open-source, AI-integrated, cross-platform terminal for seamless workflows
go	m1k1o/neko	https://github.com/m1k1o/neko.git	21740	91416	A self hosted virtual browser that runs in docker and uses WebRTC.
go	lima-vm/lima	https://github.com/lima-vm/lima.git	21569	17847	Linux virtual machines, with a focus on running containers
go	samber/lo	https://github.com/samber/lo.git	21399	6890	💥  A Lodash-style Go library based on Go 1.18+ Generics (map, filter, contains, find...)
go	vxcontrol/pentagi	https://github.com/vxcontrol/pentagi.git	21244	55061	Fully autonomous AI Agents system capable of performing complex penetration testing tasks
go	gofr-dev/gofr	https://github.com/gofr-dev/gofr.git	21100	20738	An opinionated GoLang framework for accelerated microservice development. Built in support for databases and observability.
go	containerd/containerd	https://github.com/containerd/containerd.git	21023	137525	An open and reliable container runtime
go	TecharoHQ/anubis	https://github.com/TecharoHQ/anubis.git	20925	20028	Weighs the soul of incoming HTTP requests to stop AI crawlers
go	twpayne/chezmoi	https://github.com/twpayne/chezmoi.git	20840	92792	Manage your dotfiles across multiple diverse machines, securely.
go	qax-os/excelize	https://github.com/qax-os/excelize.git	20803	7221	Go language library for reading and writing Microsoft Excel™ (XLAM / XLSM / XLSX / XLTM / XLTX) spreadsheets
go	antonmedv/fx	https://github.com/antonmedv/fx.git	20547	7200	Terminal JSON viewer & processor
go	charmbracelet/vhs	https://github.com/charmbracelet/vhs.git	20456	40369	Your CLI home video recorder 📼
go	nats-io/nats-server	https://github.com/nats-io/nats-server.git	20322	61381	High-Performance server for NATS.io, the cloud and edge native messaging system.
go	apache/casbin	https://github.com/apache/casbin.git	20290	6668	Apache Casbin: an authorization library that supports access control models like ACL, RBAC, ABAC.
go	rakyll/hey	https://github.com/rakyll/hey.git	20201	1086	HTTP load generator, ApacheBench (ab) replacement
go	go-playground/validator	https://github.com/go-playground/validator.git	20085	2523	:100:Go Struct and Field validation, including Cross Field, Cross Struct, Map, Slice and Array diving
go	inancgumus/learngo	https://github.com/inancgumus/learngo.git	20084	3295	❤️ 1000+ Hand-Crafted Go Examples, Exercises, and Quizzes. 🚀 Learn Go by fixing 1000+ tiny programs.
go	grpc-ecosystem/grpc-gateway	https://github.com/grpc-ecosystem/grpc-gateway.git	19958	14458	gRPC to JSON proxy generator following the gRPC HTTP spec
go	livekit/livekit	https://github.com/livekit/livekit.git	19954	15689	End-to-end realtime stack for connecting humans and AI
go	ahmetb/kubectx	https://github.com/ahmetb/kubectx.git	19909	1076	Faster way to switch between clusters and namespaces in kubectl
go	yorukot/superfile	https://github.com/yorukot/superfile.git	19900	93036	Pretty fancy and modern terminal file manager
go	bluenviron/mediamtx	https://github.com/bluenviron/mediamtx.git	19619	9197	Ready-to-use Media-over-QUIC / SRT / WebRTC / RTSP / RTMP / LL-HLS / MPEG-TS / RTP live media server and media proxy that allows to read, publish, proxy, record
go	dariubs/GoBooks	https://github.com/dariubs/GoBooks.git	19570	11583	List of Golang books
python	ansible/ansible	https://github.com/ansible/ansible.git	69695	265416	Ansible is a radically simple IT automation platform that makes your applications and systems easier to deploy and maintain. Automate everything from code deplo
python	FoundationAgents/MetaGPT	https://github.com/FoundationAgents/MetaGPT.git	69514	184037	🌟 The Multi-Agent Framework: First AI Software Company, Towards Natural Language Programming
python	666ghj/MiroFish	https://github.com/666ghj/MiroFish.git	69308	16939	A Simple and Universal Swarm Intelligence Engine, Predicting Anything. 简洁通用的群体智能引擎，预测万物
python	Asabeneh/30-Days-Of-Python	https://github.com/Asabeneh/30-Days-Of-Python.git	69097	31024	The 30 Days of Python programming challenge is a step-by-step guide to learn the Python programming language in 30 days. This challenge may take more than 100 d
python	unslothai/unsloth	https://github.com/unslothai/unsloth.git	68897	157949	Unsloth is a local UI for training and running Gemma 4, Qwen3.6, DeepSeek, Kimi, GLM and other models.
python	datawhalechina/hello-agents	https://github.com/datawhalechina/hello-agents.git	68595	231003	📚 《从零开始构建智能体》——从零开始的智能体原理与实践教程
python	xtekky/gpt4free	https://github.com/xtekky/gpt4free.git	66490	172289	The official gpt4free repository | various collection of powerful language models | opus 4.6 gpt 5.3 kimi 2.5 deepseek v3.2 gemini 3
python	keras-team/keras	https://github.com/keras-team/keras.git	64180	54271	Deep Learning for humans
python	docling-project/docling	https://github.com/docling-project/docling.git	63772	317337	Get your documents ready for gen AI
python	scrapy/scrapy	https://github.com/scrapy/scrapy.git	63411	31131	Scrapy, a fast high-level web crawling & scraping framework for Python.
python	pathwaycom/pathway	https://github.com/pathwaycom/pathway.git	62615	143800	Python ETL framework for stream processing, real-time analytics, LLM pipelines, and RAG.
python	headroomlabs-ai/headroom	https://github.com/headroomlabs-ai/headroom.git	62433	68186	Compress tool outputs, logs, files, and RAG chunks before they reach the LLM. 20% fewer tokens for coding agents, 60-95% fewer tokens for JSON, same answers. Li
python	virattt/ai-hedge-fund	https://github.com/virattt/ai-hedge-fund.git	62412	3503	An AI Hedge Fund Team
python	odysseus-dev/odysseus	https://github.com/odysseus-dev/odysseus.git	62016	41847	Self-hosted AI workspace. 
python	karpathy/nanoGPT	https://github.com/karpathy/nanoGPT.git	61531	981	The simplest, fastest repository for training/finetuning medium-sized GPTs.
python	sansan0/TrendRadar	https://github.com/sansan0/TrendRadar.git	60881	32503	⭐AI-driven public opinion & trend monitor with multi-platform aggregation, RSS, and smart alerts.🎯 告别信息过载，你的 AI 舆情监控助手与热点筛选工具！聚合多平台热点 +  RSS 订阅，支持关键词精准筛选。AI 智能筛
python	Panniantong/Agent-Reach	https://github.com/Panniantong/Agent-Reach.git	60850	1776	Give your AI agent eyes to see the entire internet. Read & search Twitter, Reddit, YouTube, GitHub, Bilibili, XiaoHongShu — one CLI, zero API fees.
python	RVC-Boss/GPT-SoVITS	https://github.com/RVC-Boss/GPT-SoVITS.git	60115	14538	1 min voice data can also be used to train a good TTS model! (few shot voice cloning)
python	CorentinJ/Real-Time-Voice-Cloning	https://github.com/CorentinJ/Real-Time-Voice-Cloning.git	60058	369730	Clone a voice in 5 seconds to generate arbitrary speech in real-time
python	microsoft/autogen	https://github.com/microsoft/autogen.git	59966	148692	A programming framework for agentic AI
python	ultralytics/ultralytics	https://github.com/ultralytics/ultralytics.git	59878	60547	Ultralytics YOLO26, YOLO11, YOLOv8 — object detection, instance segmentation, semantic segmentation, image classification, pose estimation, object tracking
python	1c7/chinese-independent-developer	https://github.com/1c7/chinese-independent-developer.git	59723	4899	👩🏿‍💻👨🏾‍💻👩🏼‍💻👨🏽‍💻👩🏻‍💻中国独立开发者项目列表 -- 分享大家都在做什么
python	meta-llama/llama	https://github.com/meta-llama/llama.git	59530	1150	Inference code for Llama models
python	ZhuLinsen/daily_stock_analysis	https://github.com/ZhuLinsen/daily_stock_analysis.git	58826	99666	LLM 驱动的多市场股票智能分析系统：多源行情、实时新闻、决策看板与自动推送，支持零成本定时运行。  LLM-powered multi-market stock analysis system with multi-source market data, real-time news, decision dashbo
python	ultralytics/yolov5	https://github.com/ultralytics/yolov5.git	57746	17863	Ultralytics YOLOv5 in PyTorch for object detection, instance segmentation, classification, training, and export.
python	MemPalace/mempalace	https://github.com/MemPalace/mempalace.git	57743	22365	The best-benchmarked open-source AI memory system. And it's free.
python	FoundationAgents/OpenManus	https://github.com/FoundationAgents/OpenManus.git	57625	4472	No fortress, purely open ground.  OpenManus is Coming.
python	NanmiCoder/MediaCrawler	https://github.com/NanmiCoder/MediaCrawler.git	57436	29638	小红书笔记 | 评论爬虫、抖音视频 | 评论爬虫、快手视频 | 评论爬虫、B 站视频 ｜ 评论爬虫、微博帖子 ｜ 评论爬虫、百度贴吧帖子 ｜ 百度贴吧评论回复爬虫  | 知乎问答文章｜评论爬虫
python	zylon-ai/private-gpt	https://github.com/zylon-ai/private-gpt.git	57372	225924	Complete API layer for private AI applications on local models: RAG, skills, tools, MCP, text-to-sql, and more. Works with any OpenAI-compatible inference serve
python	Textualize/rich	https://github.com/Textualize/rich.git	56948	50632	Rich is a Python library for rich text and beautiful formatting in the terminal.
python	soimort/you-get	https://github.com/soimort/you-get.git	56859	3584	:arrow_double_down: Dumb downloader that scrapes the web
python	karpathy/nanochat	https://github.com/karpathy/nanochat.git	56645	2108	The best ChatGPT that $100 can buy.
python	ageitgey/face_recognition	https://github.com/ageitgey/face_recognition.git	56615	103973	The world's simplest facial recognition api for Python and the command line
python	crewAIInc/crewAI	https://github.com/crewAIInc/crewAI.git	56128	285117	Framework for orchestrating role-playing, autonomous AI agents. By fostering collaborative intelligence, CrewAI empowers agents to work together seamlessly, tac
python	Zie619/n8n-workflows	https://github.com/Zie619/n8n-workflows.git	55829	52547	all of the workflows of n8n i could find (also from the site itself)
python	deepfakes/faceswap	https://github.com/deepfakes/faceswap.git	55363	205407	Deepfakes Software For All
python	psf/requests	https://github.com/psf/requests.git	54177	13567	A simple, yet elegant, HTTP library.
python	jingyaogong/minimind	https://github.com/jingyaogong/minimind.git	53845	39401	🧠「大模型」2小时完全从0训练64M的小参数LLM！Train a 64M-parameter LLM from scratch in just 2h!
python	mvanhorn/last30days-skill	https://github.com/mvanhorn/last30days-skill.git	53639	48996	AI agent skill that researches any topic across Reddit, X, YouTube, HN, Polymarket, and the web - then synthesizes a grounded summary
python	xai-org/grok-1	https://github.com/xai-org/grok-1.git	52064	1008	Grok open release
python	lllyasviel/Fooocus	https://github.com/lllyasviel/Fooocus.git	51230	34158	Focus on prompting and generating
python	microsoft/VibeVoice	https://github.com/microsoft/VibeVoice.git	50508	215920	Open-Source Frontier Voice AI
python	minimaxir/big-list-of-naughty-strings	https://github.com/minimaxir/big-list-of-naughty-strings.git	47700	330	The Big List of Naughty Strings is a list of strings which have a high probability of causing issues when used as user-input data.
python	Aider-AI/aider	https://github.com/Aider-AI/aider.git	47699	140356	aider is AI pair programming in your terminal
python	oobabooga/textgen	https://github.com/oobabooga/textgen.git	47491	32059	Open-source desktop app for local LLMs. Text, vision, tool-calling, OpenAI/Anthropic-compatible API. 100% private.
python	microsoft/qlib	https://github.com/microsoft/qlib.git	46652	18005	Qlib is an AI-oriented Quant investment platform that aims to use AI tech to empower Quant Research, from exploring ideas to implementing productions. Qlib supp
python	exo-explore/exo	https://github.com/exo-explore/exo.git	46467	40784	Run frontier AI locally.
python	HKUDS/nanobot	https://github.com/HKUDS/nanobot.git	46232	52442	Lightweight, open-source AI agent for your tools, chats, and workflows.
python	hiroi-sora/Umi-OCR	https://github.com/hiroi-sora/Umi-OCR.git	46227	281373	OCR software, free and offline. 开源、免费的离线OCR软件。支持截屏/批量导入图片，PDF文档识别，排除水印/页眉页脚，扫描/生成二维码。内置多国语言库。
python	zhayujie/CowAgent	https://github.com/zhayujie/CowAgent.git	46124	11776	Open-source super AI assistant & Agent Harness. Plans tasks, runs tools and skills, self-evolves with memory and knowledge. Multi-model, multi-channel. Lightwei
python	HKUDS/CLI-Anything	https://github.com/HKUDS/CLI-Anything.git	46059	39710	"CLI-Anything: Making ALL Software Agent-Native" -- CLI-Hub: https://clianything.cc/
python	9001/copyparty	https://github.com/9001/copyparty.git	45876	9481	Portable file server with accelerated resumable uploads, dedup, WebDAV, SFTP, FTP, TFTP, zeroconf, media indexer, thumbnails++ all in one file
python	coqui-ai/TTS	https://github.com/coqui-ai/TTS.git	45812	170196	🐸💬 - a deep learning toolkit for Text-to-Speech, battle-tested in research and production
python	mitmproxy/mitmproxy	https://github.com/mitmproxy/mitmproxy.git	44446	69116	An interactive TLS-capable intercepting HTTP proxy for penetration testers and software developers.
python	usestrix/strix	https://github.com/usestrix/strix.git	44228	9284	Open-source AI penetration testing tool to find and fix your app’s vulnerabilities.
python	vnpy/vnpy	https://github.com/vnpy/vnpy.git	43892	303203	基于Python的开源量化交易平台开发框架
python	paperless-ngx/paperless-ngx	https://github.com/paperless-ngx/paperless-ngx.git	43515	194188	A community-supported supercharged document management system: scan, index and archive all your documents
python	rohitg00/ai-engineering-from-scratch	https://github.com/rohitg00/ai-engineering-from-scratch.git	43508	11610	Learn it. Build it. Ship it for others.
python	gradio-app/gradio	https://github.com/gradio-app/gradio.git	43207	356419	Build and share delightful machine learning apps, all in Python. 🌟 Star to support our work!
python	faif/python-patterns	https://github.com/faif/python-patterns.git	42889	3905	A collection of design patterns/idioms in Python
python	deepspeedai/DeepSpeed	https://github.com/deepspeedai/DeepSpeed.git	42803	247047	DeepSpeed is a deep learning optimization library that makes distributed training and inference easy, efficient, and effective.
python	mingrammer/diagrams	https://github.com/mingrammer/diagrams.git	42460	72673	:art: Diagram as Code for prototyping cloud system architectures
python	apachecn/ailearning	https://github.com/apachecn/ailearning.git	42416	171378	AiLearning：数据分析+机器学习实战+线性代数+PyTorch+NLTK+TF2
python	Alishahryar1/free-claude-code	https://github.com/Alishahryar1/free-claude-code.git	42301	7463	Use claude code, codex or pi for free from the terminal, IDE, or your phone like OpenClaw (voice supported)
python	calesthio/OpenMontage	https://github.com/calesthio/OpenMontage.git	42285	75192	World's first open-source, agentic video production system. 12 production pipelines, 100+ tools, 700+ agent skill and production-knowledge files. Turn your AI c
python	666ghj/BettaFish	https://github.com/666ghj/BettaFish.git	41842	192447	微舆：人人可用的多Agent舆情分析助手，打破信息茧房，还原舆情原貌，预测未来走向，辅助决策！从0实现，不依赖任何框架。
python	psf/black	https://github.com/psf/black.git	41763	8368	The uncompromising Python code formatter
python	chubin/cheat.sh	https://github.com/chubin/cheat.sh.git	41569	4717	the only cheat sheet you need
python	hpcaitech/ColossalAI	https://github.com/hpcaitech/ColossalAI.git	41426	66583	Making large AI models cheaper, faster and more accessible
python	agno-agi/agno	https://github.com/agno-agi/agno.git	41424	301140	Build, run, and manage agent platforms.
python	zai-org/ChatGLM-6B	https://github.com/zai-org/ChatGLM-6B.git	41022	9362	ChatGLM-6B: An Open Bilingual Dialogue Language Model | 开源双语对话语言模型
python	luongnv89/claude-howto	https://github.com/luongnv89/claude-howto.git	40537	14495	A visual, example-driven guide to Claude Code — from basic concepts to advanced agents, with copy-paste templates that bring immediate value.
python	ManimCommunity/manim	https://github.com/ManimCommunity/manim.git	39696	47818	A community-maintained Python framework for creating mathematical animations. 
python	2noise/ChatTTS	https://github.com/2noise/ChatTTS.git	39679	10772	A generative speech model for daily dialogue.
python	Imbad0202/academic-research-skills	https://github.com/Imbad0202/academic-research-skills.git	39517	14428	Academic Research Skills for Claude Code: research → write → review → revise → finalize
python	lm-sys/FastChat	https://github.com/lm-sys/FastChat.git	39502	35323	An open platform for training, serving, and evaluating large language models. Release repo for Vicuna and Chatbot Arena.
python	QuivrHQ/quivr	https://github.com/QuivrHQ/quivr.git	39358	130685	Opiniated RAG for integrating GenAI in your apps 🧠   Focus on your product rather than the RAG. Easy integration in existing products with customisation!  Any L
python	chatchat-space/Langchain-Chatchat	https://github.com/chatchat-space/Langchain-Chatchat.git	38473	144496	Langchain-Chatchat（原Langchain-ChatGLM）基于 Langchain 与 ChatGLM, Qwen 与 Llama 等语言模型的 RAG 与 Agent 应用 | Langchain-Chatchat (formerly langchain-ChatGLM), local knowle
python	httpie/cli	https://github.com/httpie/cli.git	38341	6925	🥧 HTTPie CLI  — modern, user-friendly command-line HTTP client for the API era. JSON support, colors, sessions, downloads, plugins & more.
python	wshobson/agents	https://github.com/wshobson/agents.git	38228	5593	Multi-harness agentic plugin marketplace for Claude Code, Codex CLI, Cursor, OpenCode, GitHub Copilot, and Gemini CLI
python	HKUDS/LightRAG	https://github.com/HKUDS/LightRAG.git	38135	101098	[EMNLP2025] "LightRAG: Simple and Fast Retrieval-Augmented Generation"
python	AstrBotDevs/AstrBot	https://github.com/AstrBotDevs/AstrBot.git	38086	69093	AI Agent Assistant & development framework that integrates lots of IM platforms, LLMs, plugins and AI feature, and can be your openclaw alternative. ✨
python	sqlmapproject/sqlmap	https://github.com/sqlmapproject/sqlmap.git	38009	97224	Automatic SQL injection and database takeover tool
python	datalab-to/marker	https://github.com/datalab-to/marker.git	37856	21449	Convert PDF to markdown + JSON quickly with high accuracy
python	google/langextract	https://github.com/google/langextract.git	37836	12770	A Python library for extracting structured information from unstructured text using LLMs with precise source grounding and interactive visualization.
python	TencentARC/GFPGAN	https://github.com/TencentARC/GFPGAN.git	37630	5467	GFPGAN aims at developing Practical Algorithms for Real-world Face Restoration.
python	LAION-AI/Open-Assistant	https://github.com/LAION-AI/Open-Assistant.git	37387	35477	OpenAssistant is a chat-based assistant that understands tasks, can interact with third-party systems, and retrieve information dynamically to do so.
python	satwikkansal/wtfpython	https://github.com/satwikkansal/wtfpython.git	37034	1464	What the f*ck Python? 😱
python	myshell-ai/OpenVoice	https://github.com/myshell-ai/OpenVoice.git	37022	3944	Instant voice cloning by MIT and MyShell. Audio foundation model.
python	huggingface/pytorch-image-models	https://github.com/huggingface/pytorch-image-models.git	37013	30861	The largest collection of PyTorch image encoders / backbones. Including train, eval, inference, export scripts, and pretrained weights -- ResNet, ResNeXT, Effic
python	babysor/MockingBird	https://github.com/babysor/MockingBird.git	36926	130787	🚀Clone a voice in 5 seconds to generate arbitrary speech in real-time
python	RVC-Project/Retrieval-based-Voice-Conversion-WebUI	https://github.com/RVC-Project/Retrieval-based-Voice-Conversion-WebUI.git	36706	15365	Easily train a good VC model with voice data <= 10 mins!
python	mouredev/Hello-Python	https://github.com/mouredev/Hello-Python.git	36591	5715	Curso para aprender el lenguaje de programación Python desde cero y para principiantes. 100 clases, 44 horas en vídeo, código, proyectos y grupo de chat. Fundam
python	hankcs/HanLP	https://github.com/hankcs/HanLP.git	36465	72904	中文分词 词性标注 命名实体识别 依存句法分析 成分句法分析 语义依存分析 语义角色标注 指代消解 风格转换 语义相似度 新词发现 关键词短语提取 自动摘要 文本分类聚类 拼音简繁转换 自然语言处理
python	stanfordnlp/dspy	https://github.com/stanfordnlp/dspy.git	36381	179954	DSPy: The framework for programming—not prompting—language models
python	xinntao/Real-ESRGAN	https://github.com/xinntao/Real-ESRGAN.git	36266	5514	Real-ESRGAN aims at developing Practical Algorithms for General Image/Video Restoration.
python	jax-ml/jax	https://github.com/jax-ml/jax.git	36050	182926	Composable transformations of Python+NumPy programs: differentiate, vectorize, JIT to GPU/TPU, and more
python	khoj-ai/khoj	https://github.com/khoj-ai/khoj.git	35995	117178	Your AI second brain. Self-hostable. Get answers from the web or your docs. Build custom agents, schedule automations, do deep research. Turn any online or loca
python	XingangPan/DragGAN	https://github.com/XingangPan/DragGAN.git	35802	34847	Official Code for DragGAN (SIGGRAPH 2023)
python	PDFMathTranslate/PDFMathTranslate	https://github.com/PDFMathTranslate/PDFMathTranslate.git	35791	54530	[EMNLP 2025 Demo] PDF scientific paper translation with preserved formats - 基于 AI 完整保留排版的 PDF 文档全文双语翻译，支持 Google/DeepL/Ollama/OpenAI 等服务，提供 CLI/GUI/MCP/Docker/Z
python	soxoj/maigret	https://github.com/soxoj/maigret.git	35774	21680	🕵️‍♂️ Collect a dossier on a person by username from 3000+ sites
python	geekcomputers/Python	https://github.com/geekcomputers/Python.git	35191	50088	My Python Examples
python	ashishpatel26/500-AI-Agents-Projects	https://github.com/ashishpatel26/500-AI-Agents-Projects.git	35167	1734	The 500 AI Agents Projects is a curated collection of AI agent use cases across various industries. It showcases practical applications and provides links to op
python	fxsjy/jieba	https://github.com/fxsjy/jieba.git	35081	56033	结巴中文分词
python	microsoft/graphrag	https://github.com/microsoft/graphrag.git	34841	206361	A modular graph-based Retrieval-Augmented Generation (RAG) system
python	facebookresearch/detectron2	https://github.com/facebookresearch/detectron2.git	34625	6956	Detectron2 is a platform for object detection, segmentation and other visual recognition tasks.
python	VectifyAI/PageIndex	https://github.com/VectifyAI/PageIndex.git	34574	24637	📑 PageIndex: Document Index for Vectorless, Reasoning-based RAG
python	searxng/searxng	https://github.com/searxng/searxng.git	34415	118936	SearXNG is a free internet metasearch engine which aggregates results from various search services and databases. Users are neither tracked nor profiled.
python	python-poetry/poetry	https://github.com/python-poetry/poetry.git	34296	24976	Python packaging and dependency management made easy
python	ocrmypdf/OCRmyPDF	https://github.com/ocrmypdf/OCRmyPDF.git	34281	70332	OCRmyPDF adds an OCR text layer to scanned PDF files, allowing them to be searched
python	OpenBMB/VoxCPM	https://github.com/OpenBMB/VoxCPM.git	34207	4596	VoxCPM2: Tokenizer-Free TTS for Multilingual Speech Generation, Creative Voice Design, and True-to-Life Cloning
python	huggingface/diffusers	https://github.com/huggingface/diffusers.git	34153	105147	🤗 Diffusers: State-of-the-art diffusion models for image, video, and audio generation in PyTorch.
python	kovidgoyal/kitty	https://github.com/kovidgoyal/kitty.git	34074	69668	If you live in the terminal, kitty is made for you! Cross-platform, fast, feature-rich, GPU based.
python	chenfei-wu/TaskMatrix	https://github.com/chenfei-wu/TaskMatrix.git	34038	41169	
python	lllyasviel/ControlNet	https://github.com/lllyasviel/ControlNet.git	34019	125281	Let us control diffusion models!
python	shiyu-coder/Kronos	https://github.com/shiyu-coder/Kronos.git	33833	9539	Kronos: A Foundation Model for the Language of Financial Markets
python	OpenBMB/ChatDev	https://github.com/OpenBMB/ChatDev.git	33823	381817	ChatDev 2.0: Dev All through LLM-powered Multi-Agent Collaboration
python	anthropics/financial-services	https://github.com/anthropics/financial-services.git	33789	404	
python	explosion/spaCy	https://github.com/explosion/spaCy.git	33772	203709	💫 Industrial-strength Natural Language Processing (NLP) in Python
python	Pythagora-io/gpt-pilot	https://github.com/Pythagora-io/gpt-pilot.git	33726	359925	The first real AI developer
java	crossoverJie/JCSprout	https://github.com/crossoverJie/JCSprout.git	26875	1191	👨‍🎓 Java Core Sprout : basic, concurrent, algorithm 
java	OtterMind/Chat2DB	https://github.com/OtterMind/Chat2DB.git	26716	46139	🔥🔥🔥 AI-driven database tool and SQL client, The hottest GUI client, supporting MySQL, Oracle, PostgreSQL, DB2, SQL Server, DB2, SQLite, H2, ClickHouse, and more
java	qiurunze123/miaosha	https://github.com/qiurunze123/miaosha.git	26590	65716	⭐⭐⭐⭐秒杀系统设计与实现.互联网工程师进阶与分析🙋🐓
java	apache/incubator-seata	https://github.com/apache/incubator-seata.git	25977	32097	:fire: Seata is an easy-to-use, high-performance, open source distributed transaction solution.
java	jenkinsci/jenkins	https://github.com/jenkinsci/jenkins.git	25617	172549	Jenkins automation server
java	hollischuang/toBeTopJavaer	https://github.com/hollischuang/toBeTopJavaer.git	25367	8004	To Be Top Javaer - Java工程师成神之路
java	JakeWharton/butterknife	https://github.com/JakeWharton/butterknife.git	25353	3909	Bind Android views and callbacks to fields and methods.
java	scwang90/SmartRefreshLayout	https://github.com/scwang90/SmartRefreshLayout.git	25136	274026	🔥下拉刷新、上拉加载、二级刷新、淘宝二楼、RefreshLayout、OverScroll，Android智能下拉刷新框架，支持越界回弹、越界拖动，具有极强的扩展性，集成了几十种炫酷的Header和 Footer。
java	iBotPeaches/Apktool	https://github.com/iBotPeaches/Apktool.git	25110	347640	A tool for reverse engineering Android apk files
java	apache/skywalking	https://github.com/apache/skywalking.git	24891	178894	APM, Application Performance Monitoring System
java	greenrobot/EventBus	https://github.com/greenrobot/EventBus.git	24721	1742	Event bus for Android and Java that simplifies communication between Activities, Fragments, Threads, Services, etc. Less code, better quality.
java	Netflix/Hystrix	https://github.com/Netflix/Hystrix.git	24477	9828	Hystrix is a latency and fault tolerance library designed to isolate points of access to remote systems, services and 3rd party libraries, stop cascading failur
java	redisson/redisson	https://github.com/redisson/redisson.git	24380	36105	Redisson: Valkey & Redis Java Client and Real-Time Data Platform. Sync/Async/RxJava/Reactive API. Over 50 Valkey and Redis based Java objects and services: Set,
java	dataease/dataease	https://github.com/dataease/dataease.git	24248	339759	🔥 人人可用的开源 BI 工具，数据可视化神器。An open-source BI tool alternative to Tableau.
java	google/gson	https://github.com/google/gson.git	24227	14225	A Java serialization/deserialization library to convert Java Objects into JSON and back
java	EnterpriseQualityCoding/FizzBuzzEnterpriseEdition	https://github.com/EnterpriseQualityCoding/FizzBuzzEnterpriseEdition.git	23764	340	FizzBuzz Enterprise Edition is a no-nonsense implementation of FizzBuzz made by serious businessmen for serious business purposes.
java	kunal-kushwaha/DSA-Bootcamp-Java	https://github.com/kunal-kushwaha/DSA-Bootcamp-Java.git	23264	101640	This repository consists of the code samples, assignments, and notes for the Java data structures & algorithms + interview preparation bootcamp of WeMakeDevs.
java	doocs/source-code-hunter	https://github.com/doocs/source-code-hunter.git	23139	103193	😱 从源码层面，剖析挖掘互联网行业主流技术的底层实现原理，为广大开发者 “提升技术深度” 提供便利。目前开放 Spring 全家桶，Mybatis、Netty、Dubbo 框架，及 Redis、Tomcat 中间件等
java	alibaba/Sentinel	https://github.com/alibaba/Sentinel.git	23136	8604	A powerful flow control component enabling reliability, resilience and monitoring for microservices. (面向云原生微服务的高可用流控防护组件)
java	apache/rocketmq	https://github.com/apache/rocketmq.git	22528	46466	Apache RocketMQ is a cloud native messaging and streaming platform, making it simple to build event-driven applications.
java	thingsboard/thingsboard	https://github.com/thingsboard/thingsboard.git	22132	304279	Open-source IoT Platform - Device management, data collection, processing and visualization.
java	elunez/eladmin	https://github.com/elunez/eladmin.git	21929	7523	eladmin jpa 版本：项目基于 Spring Boot 2.7.18、 Jpa、 Spring Security、Redis、Vue的前后端分离的后台管理系统，项目采用分模块开发方式， 权限控制采用 RBAC，支持数据字典与数据权限管理，支持一键生成前后端代码，支持动态路由
java	CarGuo/GSYVideoPlayer	https://github.com/CarGuo/GSYVideoPlayer.git	21458	362391	Video players (IJKplayer, ExoPlayer, MediaPlayer), HTTPS, 16k page size, danmaku (bullet chat) support, external subtitles, support for filters, watermarks, and
java	brettwooldridge/HikariCP	https://github.com/brettwooldridge/HikariCP.git	21160	5061	光 HikariCP・A solid, high-performance, JDBC connection pool at last.
java	mybatis/mybatis-3	https://github.com/mybatis/mybatis-3.git	20423	158793	MyBatis SQL mapper framework for Java
java	didi/DoKit	https://github.com/didi/DoKit.git	20412	58616	一款面向泛前端产品研发全生命周期的效率平台。
java	linlinjava/litemall	https://github.com/linlinjava/litemall.git	20317	24619	又一个小商城。litemall = Spring Boot后端 + Vue管理员前端 + 微信小程序用户前端 + Vue用户移动端
java	yudaocode/SpringBoot-Labs	https://github.com/yudaocode/SpringBoot-Labs.git	20096	1813	一个涵盖六个专栏：Spring Boot 2.X、Spring Cloud、Spring Cloud Alibaba、Dubbo、分布式消息队列、分布式事务的仓库。希望胖友小手一抖，右上角来个 Star，感恩 1024
java	ReactiveX/RxAndroid	https://github.com/ReactiveX/RxAndroid.git	19962	1055	RxJava bindings for Android
java	lionsoul2014/ip2region	https://github.com/lionsoul2014/ip2region.git	19342	268379	Ip2region is an offline IP-to-Region localization library and IP data management framework with both IPv4 and IPv6 supports, 10-microsecond level query efficien
java	YunaiV/yudao-cloud	https://github.com/YunaiV/yudao-cloud.git	19301	52190	ruoyi-vue-pro 全新 Cloud 版本，优化重构所有功能。基于 Spring Cloud Alibaba + MyBatis Plus + Vue & Element 实现的后台管理系统 + 用户小程序，支持 RBAC 动态权限、多租户、数据权限、工作流、三方登录、支付、短信、商城、CRM、ERP、MES、
java	antlr/antlr4	https://github.com/antlr/antlr4.git	18960	70649	ANTLR (ANother Tool for Language Recognition) is a powerful parser generator for reading, processing, executing, or translating structured text or binary files.
java	dromara/Sa-Token	https://github.com/dromara/Sa-Token.git	18951	9394	✨ 开源、免费、一站式 Java 权限认证框架，让鉴权变得简单、优雅！—— 登录认证、权限认证、分布式 Session 会话、微服务网关鉴权、SSO 单点登录、OAuth2.0 统一认证、jwt 集成、API Key 秘钥授权、API 参数签名
java	dianping/cat	https://github.com/dianping/cat.git	18940	114117	CAT 作为服务端项目基础组件，提供了 Java, C/C++, Node.js, Python, Go 等多语言客户端，已经在美团点评的基础架构中间件框架（MVC框架，RPC框架，数据库框架，缓存框架等，消息队列，配置系统等）深度集成，为美团点评各业务线提供系统丰富的性能指标、健康状况、实时告警等。
java	Baseflow/PhotoView	https://github.com/Baseflow/PhotoView.git	18824	16896	Implementation of ImageView for Android that supports zooming, by various touch gestures.
java	LMAX-Exchange/disruptor	https://github.com/LMAX-Exchange/disruptor.git	18412	10129	High Performance Inter-Thread Messaging Library
java	Tencent/APIJSON	https://github.com/Tencent/APIJSON.git	18396	73449	🏆 Real-Time no-code, powerful and secure ORM 🚀  providing APIs and Docs without coding by Backend, and Frontend(Client) can customize response JSONs 🏆 实时 零代码、全功
java	forezp/SpringCloudLearning	https://github.com/forezp/SpringCloudLearning.git	17930	582	《史上最简单的Spring Cloud教程源码》
java	ben-manes/caffeine	https://github.com/ben-manes/caffeine.git	17773	113278	A high performance caching library for Java
java	Tencent/tinker	https://github.com/Tencent/tinker.git	17653	7256	Tinker is a hot-fix solution library for Android, it supports dex, library and resources update without reinstall apk.
java	floci-io/floci	https://github.com/floci-io/floci.git	17541	11211	Light, fluffy, and always free - The AWS Local Emulator alternative
java	infinilabs/analysis-ik	https://github.com/infinilabs/analysis-ik.git	17501	15543	🚌 The IK Analysis plugin integrates Lucene IK analyzer into Elasticsearch and OpenSearch, support customized dictionary.
java	justauth/JustAuth	https://github.com/justauth/JustAuth.git	17480	9629	🏆Gitee 最有价值开源项目 🚀:100: 小而全而美的第三方登录开源组件。目前已支持Github、Gitee、微博、钉钉、百度、Coding、腾讯云开发者平台、OSChina、支付宝、QQ、微信、淘宝、Google、Facebook、抖音、领英、小米、微软、今日头条、Teambition、StackOverflow
java	openzipkin/zipkin	https://github.com/openzipkin/zipkin.git	17447	77861	Zipkin is a distributed tracing system
java	baomidou/mybatis-plus	https://github.com/baomidou/mybatis-plus.git	17417	32474	An powerful enhanced toolkit of MyBatis for simplify development
java	material-components/material-components-android	https://github.com/material-components/material-components-android.git	17355	183268	[MAINTENANCE MODE] Modular and customizable Material Design UI components for Android
java	alibaba/DataX	https://github.com/alibaba/DataX.git	17282	22931	DataX是阿里云DataWorks数据集成的开源版本。
java	nostra13/Android-Universal-Image-Loader	https://github.com/nostra13/Android-Universal-Image-Loader.git	16848	27133	Powerful and flexible library for loading, caching and displaying images on Android.
java	Grasscutters/Grasscutter	https://github.com/Grasscutters/Grasscutter.git	16787	101502	A server software reimplementation for a certain anime game.
java	prestodb/presto	https://github.com/prestodb/presto.git	16721	282272	The official home of the Presto distributed SQL query engine for big data
java	shuzheng/zheng	https://github.com/shuzheng/zheng.git	16665	41267	基于Spring+SpringMVC+Mybatis分布式敏捷开发系统架构，提供整套公共微服务服务模块：集中权限管理（单点登录）、内容管理、支付中心、用户管理（支持第三方登录）、微信平台、存储系统、配置中心、日志分析、任务和通知等，支持服务治理、监控和追踪，努力为中小型企业打造全方位J2EE企业级开发解决方案。
java	android-hacker/VirtualXposed	https://github.com/android-hacker/VirtualXposed.git	16037	49794	A simple app to use Xposed without root, unlock the bootloader or modify system image, etc.
java	cryptomator/cryptomator	https://github.com/cryptomator/cryptomator.git	15770	35923	Cryptomator for Windows, macOS, and Linux: Secure client-side encryption for your cloud storage, ensuring privacy and control over your data.
java	android10/Android-CleanArchitecture	https://github.com/android10/Android-CleanArchitecture.git	15538	5191	This is a sample app that is part of a series of blog posts I have written about how to architect an android application using Uncle Bob's clean architecture ap
java	zaproxy/zaproxy	https://github.com/zaproxy/zaproxy.git	15467	202018	The ZAP by Checkmarx Core project
java	mockito/mockito	https://github.com/mockito/mockito.git	15442	49678	Most popular Mocking framework for unit tests written in Java
java	apache/pulsar	https://github.com/apache/pulsar.git	15299	275789	Apache Pulsar - distributed pub-sub messaging system
java	java-decompiler/jd-gui	https://github.com/java-decompiler/jd-gui.git	15160	56989	A standalone Java Decompiler GUI
java	theonedev/onedev	https://github.com/theonedev/onedev.git	15116	242040	The Unified and Autonomous Development Platform
java	elastic/logstash	https://github.com/elastic/logstash.git	14904	134744	Logstash - transport and process your logs, events, or other data
java	eclipse-vertx/vert.x	https://github.com/eclipse-vertx/vert.x.git	14679	126030	Vert.x is a tool-kit for building reactive applications on the JVM
java	hdodenhof/CircleImageView	https://github.com/hdodenhof/CircleImageView.git	14500	1003	A circular ImageView for Android
java	Tencent/QMUI_Android	https://github.com/Tencent/QMUI_Android.git	14485	21963	提高 Android UI 开发效率的 UI 库
java	alibaba/ARouter	https://github.com/alibaba/ARouter.git	14469	26589	💪 A framework for assisting in the renovation of Android componentization (帮助 Android App 进行组件化改造的路由框架)
java	DuGuQiuBai/Java	https://github.com/DuGuQiuBai/Java.git	14450	24346	27天成为Java大神
java	GoogleContainerTools/jib	https://github.com/GoogleContainerTools/jib.git	14438	16929	🏗 Build container images for your Java applications.
java	apache/dolphinscheduler	https://github.com/apache/dolphinscheduler.git	14399	224616	Apache DolphinScheduler is the modern data orchestration platform. Agile to create high performance workflow with low-code
java	xpipe-io/xpipe	https://github.com/xpipe-io/xpipe.git	14373	66718	Access your entire server infrastructure from your local desktop
java	Netflix/zuul	https://github.com/Netflix/zuul.git	14051	6906	Zuul is a gateway service that provides dynamic routing, monitoring, resiliency, security, and more.
java	microg/GmsCore	https://github.com/microg/GmsCore.git	14016	17040	Free implementation of Play Services
java	sqshq/piggymetrics	https://github.com/sqshq/piggymetrics.git	13944	1512	Microservice Architecture with Spring Boot, Spring Cloud and Docker
java	pinpoint-apm/pinpoint	https://github.com/pinpoint-apm/pinpoint.git	13847	273287	APM, (Application Performance Management) tool for large-scale distributed systems. 
java	orhanobut/logger	https://github.com/orhanobut/logger.git	13846	1873	✔️ Simple, pretty and powerful logger for android
java	seaswalker/spring-analysis	https://github.com/seaswalker/spring-analysis.git	13746	4951	Spring源码阅读
java	JessYanCoding/AndroidAutoSize	https://github.com/JessYanCoding/AndroidAutoSize.git	13729	3131	🔥 A low-cost Android screen adaptation solution (今日头条屏幕适配方案终极版，一个极低成本的 Android 屏幕适配方案).
java	lgvalle/Material-Animations	https://github.com/lgvalle/Material-Animations.git	13558	8692	Android Transition animations explanation with examples.
java	projectlombok/lombok	https://github.com/projectlombok/lombok.git	13466	81421	Very spicy additions to the Java programming language.
java	Bigkoo/Android-PickerView	https://github.com/Bigkoo/Android-PickerView.git	13439	6389	This is a picker view for android , support linkage effect, timepicker and optionspicker.（时间选择器、省市区三级联动）
java	pxb1988/dex2jar	https://github.com/pxb1988/dex2jar.git	13125	8725	Tools to work with android .dex and java .class files
java	trinodb/trino	https://github.com/trinodb/trino.git	13074	318895	Official repository of Trino, the distributed SQL query engine for big data, formerly known as PrestoSQL (https://trino.io)
java	macrozheng/mall-swarm	https://github.com/macrozheng/mall-swarm.git	13054	54617	mall-swarm是一套微服务商城系统，采用了 Spring Cloud Alibaba、Spring Boot 3.5、Sa-Token、MyBatis、Elasticsearch、Docker、Kubernetes等核心技术，同时提供了基于Vue的管理后台方便快速搭建系统。mall-swarm在电商业务的基础集成
java	youth5201314/banner	https://github.com/youth5201314/banner.git	13024	11310	🔥🔥🔥Banner 2.0 来了！Android广告图片轮播控件，内部基于ViewPager2实现，Indicator和UI都可以自定义。
java	alibaba/COLA	https://github.com/alibaba/COLA.git	12992	3828	🥤 COLA: Clean Object-oriented & Layered Architecture
java	debezium/debezium	https://github.com/debezium/debezium.git	12954	85872	Change data capture for a variety of databases. Please log issues at https://github.com/debezium/dbz/issues.
java	codecentric/spring-boot-admin	https://github.com/codecentric/spring-boot-admin.git	12848	102835	Admin UI for administration of spring boot applications
java	beemdevelopment/Aegis	https://github.com/beemdevelopment/Aegis.git	12794	23018	A free, secure and open source app for Android to manage your 2-step verification tokens.
java	apache/zookeeper	https://github.com/apache/zookeeper.git	12785	156557	Apache ZooKeeper
java	google/guice	https://github.com/google/guice.git	12733	125326	Guice (pronounced 'juice') is a lightweight dependency injection framework for Java 11 and above, brought to you by Google.
java	Netflix/eureka	https://github.com/Netflix/eureka.git	12725	12661	AWS Service registry for resilient mid-tier load balancing and failover.
java	langchain4j/langchain4j	https://github.com/langchain4j/langchain4j.git	12691	36368	LangChain4j is an idiomatic, open-source Java library for building LLM-powered applications on the JVM. It offers a unified API over popular LLM providers and v
java	greenrobot/greenDAO	https://github.com/greenrobot/greenDAO.git	12592	7353	greenDAO is a light & fast ORM solution for Android that maps objects to SQLite databases.
java	PaperMC/Paper	https://github.com/PaperMC/Paper.git	12523	130088	The most widely used, high performance Minecraft server that aims to fix gameplay and mechanics inconsistencies
java	zhihu/Matisse	https://github.com/zhihu/Matisse.git	12522	1991	:fireworks: A well-designed local image and video selector for Android
java	daimajia/AndroidViewAnimations	https://github.com/daimajia/AndroidViewAnimations.git	12448	297	Cute view animation collection.
java	daimajia/AndroidSwipeLayout	https://github.com/daimajia/AndroidSwipeLayout.git	12361	399	The Most Powerful Swipe Layout!
java	pagehelper-org/Mybatis-PageHelper	https://github.com/pagehelper-org/Mybatis-PageHelper.git	12356	5357	Mybatis通用分页插件
java	redis/jedis	https://github.com/redis/jedis.git	12347	18099	Redis Java client
java	provectus/kafka-ui	https://github.com/provectus/kafka-ui.git	12242	30382	Open-Source Web UI for Apache Kafka Management
java	Yalantis/uCrop	https://github.com/Yalantis/uCrop.git	12088	64991	Image Cropping Library for Android
java	grpc/grpc-java	https://github.com/grpc/grpc-java.git	12059	125050	The Java gRPC implementation. HTTP/2 based RPC
java	Tencent/matrix	https://github.com/Tencent/matrix.git	12027	199709	Matrix is a plugin style, non-invasive APM system developed by WeChat.
java	jd-opensource/joyagent-jdgenie	https://github.com/jd-opensource/joyagent-jdgenie.git	11953	102676	开源的端到端产品级通用智能体
java	JingMatrix/Vector	https://github.com/JingMatrix/Vector.git	11888	22880	Modern Xposed Framework
java	Tencent/VasSonic	https://github.com/Tencent/VasSonic.git	11857	16215	VasSonic is a lightweight and high-performance Hybrid framework developed by tencent VAS team, which is intended to speed up the first screen of websites workin
java	code4craft/webmagic	https://github.com/code4craft/webmagic.git	11685	17446	A scalable web crawler framework for Java.
java	newbee-ltd/newbee-mall	https://github.com/newbee-ltd/newbee-mall.git	11606	36245	🔥 🎉newbee-mall是一套电商系统，包括基础版本(Spring Boot+Thymeleaf)、前后端分离版本(Spring Boot+Vue 3+Element-Plus+Vue-Router 4+Pinia+Vant 4) 、秒杀版本、Go语言版本、微服务版本(Spring Cloud Alibaba+Na
java	apple/pkl	https://github.com/apple/pkl.git	11472	9713	A configuration as code language with rich validation and tooling.
java	realm/realm-java	https://github.com/realm/realm-java.git	11466	65920	Realm is a mobile database: a replacement for SQLite & ORMs
java	gyf-dev/ImmersionBar	https://github.com/gyf-dev/ImmersionBar.git	11463	332369	android 4.4以上沉浸式状态栏和沉浸式导航栏管理，适配横竖屏切换、刘海屏、软键盘弹出等问题，可以修改状态栏字体颜色和导航栏图标颜色，以及不可修改字体颜色手机的适配，适用于Activity、Fragment、DialogFragment、Dialog，PopupWindow，一句代码轻松实现，以及对bar的其他设
java	careercup/CtCI-6th-Edition	https://github.com/careercup/CtCI-6th-Edition.git	11458	21487	Cracking the Coding Interview 6th Ed. Solutions
java	jhy/jsoup	https://github.com/jhy/jsoup.git	11379	6839	jsoup: the Java HTML parser, built for HTML editing, cleaning, scraping, and XSS safety.
java	apereo/cas	https://github.com/apereo/cas.git	11355	350887	Apereo CAS - Identity & Single Sign On for all earthlings and beyond.
java	ssssssss-team/spider-flow	https://github.com/ssssssss-team/spider-flow.git	11347	3382	新一代爬虫平台，以图形化方式定义爬虫流程，不写代码即可完成爬虫。
java	permissions-dispatcher/PermissionsDispatcher	https://github.com/permissions-dispatcher/PermissionsDispatcher.git	11171	3009	A declarative API to handle Android runtime permissions.
js	h5bp/html5-boilerplate	https://github.com/h5bp/html5-boilerplate.git	57570	22758	A professional front-end template for building fast, robust, and adaptable web apps or sites.
js	scutan90/DeepLearning-500-questions	https://github.com/scutan90/DeepLearning-500-questions.git	57497	207074	深度学习500问，以问答形式对常用的概率知识、线性代数、机器学习、深度学习、计算机视觉等热点问题进行阐述，以帮助自己及有需要的读者。 全书分为18个章节，50余万字。由于水平有限，书中不妥之处恳请广大读者批评指正。   未完待续............ 如有意合作，联系scutjy2015@163.com       
js	byoungd/up	https://github.com/byoungd/up.git	56259	56577	An advanced guide which might benefit you a lot 🎉 . 人生进阶指南 离谱的人生 离谱的英语学习指南/英语学习教程/英语学习/学英语
js	azl397985856/leetcode	https://github.com/azl397985856/leetcode.git	55779	126606	LeetCode Solutions: A Record of My Problem Solving Journey.( leetcode题解，记录自己的leetcode解题之路。)
js	chinese-poetry/chinese-poetry	https://github.com/chinese-poetry/chinese-poetry.git	52884	227208	The most comprehensive database of Chinese poetry 🧶最全中华古诗词数据库,  唐宋两朝近一万四千古诗人,  接近5.5万首唐诗加26万宋诗.  两宋时期1564位词人，21050首词。
js	agalwood/Motrix	https://github.com/agalwood/Motrix.git	52320	70273	A full-featured download manager.
js	prettier/prettier	https://github.com/prettier/prettier.git	52135	177707	Prettier is an opinionated code formatter.
js	poteto/hiring-without-whiteboards	https://github.com/poteto/hiring-without-whiteboards.git	51219	3648	⭐️  Companies that don't have a broken hiring process
js	bmad-code-org/BMAD-METHOD	https://github.com/bmad-code-org/BMAD-METHOD.git	51119	47177	Breakthrough Method for Agile Ai Driven Development
js	Semantic-Org/Semantic-UI	https://github.com/Semantic-Org/Semantic-UI.git	51042	113201	Semantic is a UI component framework based around useful principles from natural language.
js	pbakaus/impeccable	https://github.com/pbakaus/impeccable.git	50166	337605	The design language that makes your AI harness better at design.
js	NARKOZ/hacker-scripts	https://github.com/NARKOZ/hacker-scripts.git	49778	105	Based on a true story
js	bigskysoftware/htmx	https://github.com/bigskysoftware/htmx.git	48709	136705	</> htmx - high power tools for HTML
js	algorithm-visualizer/algorithm-visualizer	https://github.com/algorithm-visualizer/algorithm-visualizer.git	48661	21182	:fireworks:Interactive Online Platform that Visualizes Algorithms from Code
js	iamkun/dayjs	https://github.com/iamkun/dayjs.git	48658	6152	⏰ Day.js 2kB immutable date-time library alternative to Moment.js with the same modern API
js	moment/moment	https://github.com/moment/moment.git	47938	22466	Parse, validate, manipulate, and display dates in javascript.
js	serverless/serverless	https://github.com/serverless/serverless.git	46924	113006	⚡ Serverless Framework – Effortlessly build apps that auto-scale, incur zero costs when idle, and require minimal maintenance using AWS Lambda and other managed
js	Asabeneh/30-Days-Of-JavaScript	https://github.com/Asabeneh/30-Days-Of-JavaScript.git	46612	124993	30 days of JavaScript programming challenge is a step-by-step guide to learn JavaScript programming language in 30 days. This challenge may take more than 100 d
js	microsoft/monaco-editor	https://github.com/microsoft/monaco-editor.git	46432	139940	A browser based code editor
js	usebruno/bruno	https://github.com/usebruno/bruno.git	45890	56492	Opensource IDE For Exploring and Testing API's (lightweight alternative to Postman/Insomnia)
js	google/zx	https://github.com/google/zx.git	45631	4196	A tool for writing better scripts
js	Leaflet/Leaflet	https://github.com/Leaflet/Leaflet.git	45392	59843	🍃 JavaScript library for mobile-friendly interactive maps 🇺🇦
js	meteor/meteor	https://github.com/meteor/meteor.git	44806	148267	Meteor, the JavaScript App Platform
js	NaiboWang/EasySpider	https://github.com/NaiboWang/EasySpider.git	44288	152239	A visual no-code/code-free web crawler/spider易采集：一个可视化浏览器自动化测试/数据采集/网页爬虫软件，可以无代码图形化的设计和执行爬虫任务。别名：ServiceWrapper面向Web应用的智能化服务封装系统。
js	DavidHDev/react-bits	https://github.com/DavidHDev/react-bits.git	44188	69221	An open source collection of animated, interactive & fully customizable React components for building memorable websites.
js	parcel-bundler/parcel	https://github.com/parcel-bundler/parcel.git	44033	66076	The zero configuration build tool for the web. 📦🚀
js	Unitech/pm2	https://github.com/Unitech/pm2.git	43242	14097	Node.js/Bun Production Process Manager with a built-in Load Balancer.
js	coreyhaines31/marketingskills	https://github.com/coreyhaines31/marketingskills.git	41698	2773	Marketing skills for Claude Code and AI agents. CRO, copywriting, SEO, analytics, and growth engineering.
js	yarnpkg/yarn	https://github.com/yarnpkg/yarn.git	41503	119774	The 1.x line is frozen - features and bugfixes now happen on https://github.com/yarnpkg/berry
js	nwjs/nw.js	https://github.com/nwjs/nw.js.git	41184	136807	Call all Node.js modules directly from DOM/WebWorker and enable a new way of writing applications with all Web technologies.
js	remoteintech/remote-jobs	https://github.com/remoteintech/remote-jobs.git	40592	14046	Source for remoteintech.company — a community-maintained directory of remote-friendly tech companies
js	videojs/video.js	https://github.com/videojs/video.js.git	39835	127905	Video.js - open source HTML5 video player
js	Dogfalo/materialize	https://github.com/Dogfalo/materialize.git	38840	165834	Materialize, a CSS Framework based on Material Design
js	preactjs/preact	https://github.com/preactjs/preact.git	38777	19784	⚛️ Fast 3kB React alternative with the same modern API. Components & Virtual DOM.
js	naptha/tesseract.js	https://github.com/naptha/tesseract.js.git	38564	109272	Pure Javascript OCR for more than 100 Languages 📖🎉🖥
js	impress/impress.js	https://github.com/impress/impress.js.git	38196	4388	It's a presentation framework based on the power of CSS3 transforms and transitions in modern browsers and inspired by the idea behind prezi.com.
js	drawdb-io/drawdb	https://github.com/drawdb-io/drawdb.git	38190	7134	Free, simple, and intuitive online database diagram editor and SQL generator.
js	denysdovhan/wtfjs	https://github.com/denysdovhan/wtfjs.git	37679	1521	🤪 A list of funny and tricky JavaScript examples
js	markedjs/marked	https://github.com/markedjs/marked.git	37012	10601	A markdown parser and compiler. Built for speed.
js	fastify/fastify	https://github.com/fastify/fastify.git	36806	10379	Fast and low overhead web framework, for Node.js
js	carbon-app/carbon	https://github.com/carbon-app/carbon.git	36061	21055	:black_heart: Create and share beautiful images of your source code
js	songquanpeng/one-api	https://github.com/songquanpeng/one-api.git	35950	15963	LLM API 管理 & 分发系统，支持 OpenAI、Azure、Anthropic Claude、Google Gemini、DeepSeek、字节豆包、ChatGLM、文心一言、讯飞星火、通义千问、360 智脑、腾讯混元等主流模型，统一 API 适配，可用于 key 管理与二次分发。单可执行文件，提供 Docke
js	koajs/koa	https://github.com/koajs/koa.git	35705	4046	Expressive middleware for node.js using ES2017 async functions
js	gchq/CyberChef	https://github.com/gchq/CyberChef.git	35438	97367	The Cyber Swiss Army Knife - a web app for encryption, encoding, compression and data analysis
js	ryanhanwu/How-To-Ask-Questions-The-Smart-Way	https://github.com/ryanhanwu/How-To-Ask-Questions-The-Smart-Way.git	35435	380	本文原文由知名 Hacker Eric S. Raymond 所撰寫，教你如何正確的提出技術問題並獲得你滿意的答案。
js	alvarotrigo/fullPage.js	https://github.com/alvarotrigo/fullPage.js.git	35420	17123	fullPage plugin by Alvaro Trigo. Create full screen pages fast and simple
js	sahat/hackathon-starter	https://github.com/sahat/hackathon-starter.git	35240	17200	A boilerplate for Node.js web applications
js	typicode/husky	https://github.com/typicode/husky.git	35227	4846	Git hooks made easy 🐶 woof!
js	qishibo/AnotherRedisDesktopManager	https://github.com/qishibo/AnotherRedisDesktopManager.git	34564	5533	🚀🚀🚀A faster, better and more stable Redis desktop manager [GUI client], compatible with Linux, Windows, Mac.
js	TheAlgorithms/JavaScript	https://github.com/TheAlgorithms/JavaScript.git	34200	3007	Algorithms and Data Structures implemented in JavaScript for beginners, following best practices.
js	zenorocha/clipboard.js	https://github.com/zenorocha/clipboard.js.git	34130	3631	:scissors: Modern copy to clipboard. No Flash. Just 3kb gzipped :clipboard:
js	pcottle/learnGitBranching	https://github.com/pcottle/learnGitBranching.git	33800	65963	An interactive git visualization and tutorial. Aspiring students of git can use this app to educate and challenge themselves towards mastery of git!
js	lutzroeder/netron	https://github.com/lutzroeder/netron.git	33262	94933	Visualizer for neural network, deep learning and machine learning models
js	gulpjs/gulp	https://github.com/gulpjs/gulp.git	32958	1117	A toolkit to automate & enhance your workflow
js	lovell/sharp	https://github.com/lovell/sharp.git	32503	60459	High performance Node.js image processing, the fastest module to resize JPEG, PNG, WebP, AVIF and TIFF images. Uses the libvips library.
js	airbnb/lottie-web	https://github.com/airbnb/lottie-web.git	32019	358131	Render After Effects animations natively on Web, Android and iOS, and React Native. http://airbnb.io/lottie/
js	gethomepage/homepage	https://github.com/gethomepage/homepage.git	31699	54209	A highly customizable homepage (or startpage / application dashboard) with Docker and service API integrations.
js	docsifyjs/docsify	https://github.com/docsifyjs/docsify.git	31405	30937	🃏 A magical documentation site generator.
js	webtorrent/webtorrent	https://github.com/webtorrent/webtorrent.git	31291	51966	⚡️ Streaming torrent client for the web
js	parallax/jsPDF	https://github.com/parallax/jsPDF.git	31253	144533	Client-side JavaScript PDF generation for everyone.
js	SortableJS/Sortable	https://github.com/SortableJS/Sortable.git	31166	2775	Reorderable drag-and-drop lists for modern browsers and touch devices. No jQuery or framework required.
js	SillyTavern/SillyTavern	https://github.com/SillyTavern/SillyTavern.git	31138	214814	LLM Frontend for Power Users.
js	ascoders/weekly	https://github.com/ascoders/weekly.git	31045	8812	前端精读周刊。帮你理解最前沿、实用的技术。
js	GoogleChrome/lighthouse	https://github.com/GoogleChrome/lighthouse.git	30580	366272	Automated auditing, performance metrics, and best practices for the web.
js	layui/layui	https://github.com/layui/layui.git	30566	33503	一套遵循浏览器原生态开发模式的 Web UI 组件库。
js	VincentGarreau/particles.js	https://github.com/VincentGarreau/particles.js.git	30229	158	A lightweight JavaScript library for creating particles
js	openai/codex-plugin-cc	https://github.com/openai/codex-plugin-cc.git	29939	158	Use Codex from Claude Code to review code or delegate tasks.
js	sampotts/plyr	https://github.com/sampotts/plyr.git	29917	66324	A simple HTML5, YouTube and Vimeo player
js	aosabook/500lines	https://github.com/aosabook/500lines.git	29570	60251	500 Lines or Less
js	vuejs/vue-cli	https://github.com/vuejs/vue-cli.git	29562	31134	🛠️ webpack-based tooling for Vue.js Development
js	react-boilerplate/react-boilerplate	https://github.com/react-boilerplate/react-boilerplate.git	29487	8943	🔥 A highly scalable, offline-first foundation with the best developer experience and a focus on performance and best practices.
js	vercel-labs/agent-skills	https://github.com/vercel-labs/agent-skills.git	29481	11356	Vercel's official collection of agent skills
js	elsewhencode/project-guidelines	https://github.com/elsewhencode/project-guidelines.git	29459	507	A set of best practices for JavaScript projects
js	standard/standard	https://github.com/standard/standard.git	29434	3752	🌟 JavaScript Style Guide, with linter & automatic code fixer
js	maboloshi/github-chinese	https://github.com/maboloshi/github-chinese.git	29426	73931	GitHub 汉化插件，GitHub 中文化界面。 (GitHub Translation To Chinese)
js	immerjs/immer	https://github.com/immerjs/immer.git	28973	7475	Create the next immutable state by mutating the current one
js	tastejs/todomvc	https://github.com/tastejs/todomvc.git	28944	78229	Helping you select a JavaScript framework - Todo apps for React.js, Angular, Vue and many more
js	kenwheeler/slick	https://github.com/kenwheeler/slick.git	28566	3779	the last carousel you'll ever need
js	jamiebuilds/the-super-tiny-compiler	https://github.com/jamiebuilds/the-super-tiny-compiler.git	28555	41	:snowman: Possibly the smallest compiler ever
js	Z-Siqi/Clash-for-Windows_Chinese	https://github.com/Z-Siqi/Clash-for-Windows_Chinese.git	28443	84091	clash for windows汉化版. 提供clash for windows的汉化版, 汉化补丁及汉化版安装程序
js	vuejs/vuex	https://github.com/vuejs/vuex.git	28335	16581	🗃️ Centralized State Management for Vue.js.
js	tj/commander.js	https://github.com/tj/commander.js.git	28330	3902	node.js command-line interfaces made easy
js	digitalocean/nginxconfig.io	https://github.com/digitalocean/nginxconfig.io.git	28286	9520	⚙️ NGINX config generator on steroids 💉
js	caolan/async	https://github.com/caolan/async.git	28156	8235	Async utilities for node and the browser
js	jashkenas/backbone	https://github.com/jashkenas/backbone.git	28105	27216	Give your JS App some Backbone with Models, Views, Collections, and Events
js	michalsnik/aos	https://github.com/michalsnik/aos.git	28067	1465	Animate on scroll library
js	eyaltoledano/claude-task-master	https://github.com/eyaltoledano/claude-task-master.git	27897	29288	An AI-powered task-management system you can drop into Cursor, Lovable, Windsurf, Roo, and others.
js	YMFE/yapi	https://github.com/YMFE/yapi.git	27719	232820	YApi 是一个可本地部署的、打通前后端及QA的、可视化的接口管理平台
js	koodo-reader/koodo-reader	https://github.com/koodo-reader/koodo-reader.git	27644	91513	A modern ebook manager and reader with sync and backup capacities for Windows, macOS, Linux, Android, iOS and Web
js	Automattic/mongoose	https://github.com/Automattic/mongoose.git	27477	157528	MongoDB object modeling designed to work in an asynchronous environment.
ts	code-yeongyu/oh-my-openagent	https://github.com/code-yeongyu/oh-my-openagent.git	66599	107294	omo/lazycodex: The coding agent for tokenmaxxers;the one and only agent harness for complex codebases. For your Codex, for your OpenCode
ts	socketio/socket.io	https://github.com/socketio/socket.io.git	63168	33489	Bidirectional and low-latency communication for every platform
ts	Fission-AI/OpenSpec	https://github.com/Fission-AI/OpenSpec.git	62564	5806	Spec-driven development (SDD) for AI coding assistants.
ts	mem0ai/mem0	https://github.com/mem0ai/mem0.git	61687	61917	Universal memory layer for AI Agents
ts	reduxjs/redux	https://github.com/reduxjs/redux.git	61511	34265	A JS library for predictable global state management
ts	withastro/astro	https://github.com/withastro/astro.git	61307	230411	The web framework for content-driven websites. ⭐️ Star to support our work!
ts	nuxt/nuxt	https://github.com/nuxt/nuxt.git	60687	144903	the full-stack Vue framework
ts	upstash/context7	https://github.com/upstash/context7.git	59751	33074	Context7 Platform -- Up-to-date code documentation for LLMs and AI code editors
ts	marktext/marktext	https://github.com/marktext/marktext.git	59145	87484	📝A simple and elegant markdown editor, available for Linux, macOS and Windows.
ts	pmndrs/zustand	https://github.com/pmndrs/zustand.git	58480	7942	🐻 Bear necessities for state management in React
ts	remix-run/react-router	https://github.com/remix-run/react-router.git	56524	50457	Declarative routing for React
ts	makeplane/plane	https://github.com/makeplane/plane.git	55051	212395	🔥🔥🔥 Open-source Jira, Linear, Monday, and ClickUp alternative. Plane is a modern project management platform to manage tasks, sprints, docs, and triage.
ts	FlowiseAI/Flowise	https://github.com/FlowiseAI/Flowise.git	54924	82901	Build AI Agents, Visually
ts	vuejs/core	https://github.com/vuejs/core.git	54026	43523	🖖 Vue.js is a progressive, incrementally-adoptable JavaScript framework for building UI on the web.
ts	lyswhut/lx-music-desktop	https://github.com/lyswhut/lx-music-desktop.git	52338	86412	一个基于 Electron 的音乐软件
ts	justjavac/wechat-miniapp-radar	https://github.com/justjavac/wechat-miniapp-radar.git	51216	1470	小程序雷达：AI 驱动的小程序技术选型、趋势追踪和迁移诊断工具
ts	TanStack/query	https://github.com/TanStack/query.git	49986	112897	🤖 Powerful asynchronous state management, server-state utilities and data fetching for the web. TS/JS, React Query, Solid Query, Svelte Query and Vue Query.
ts	chenglou/pretext	https://github.com/chenglou/pretext.git	49360	1667	Fast, accurate & comprehensive text measurement & layout
ts	CherryHQ/cherry-studio	https://github.com/CherryHQ/cherry-studio.git	48988	345018	AI productivity studio with smart chat, autonomous agents, and 300+ assistants. Unified access to frontier LLMs
ts	pixijs/pixijs	https://github.com/pixijs/pixijs.git	47891	137113	The HTML5 Creation Engine: Create beautiful digital content with the fastest, most flexible 2D WebGL renderer.
ts	slidevjs/slidev	https://github.com/slidevjs/slidev.git	47846	81501	Presentation Slides for Developers
ts	ChromeDevTools/chrome-devtools-mcp	https://github.com/ChromeDevTools/chrome-devtools-mcp.git	47605	10266	Chrome DevTools for coding agents
ts	prisma/prisma	https://github.com/prisma/prisma.git	47400	171081	Next-generation ORM for Node.js & TypeScript | PostgreSQL, MySQL, MariaDB, SQL Server, SQLite, MongoDB and CockroachDB
ts	slab/quill	https://github.com/slab/quill.git	47251	18429	Quill is a modern WYSIWYG editor built for compatibility and extensibility
ts	typescript-cheatsheets/react	https://github.com/typescript-cheatsheets/react.git	47095	3105	Cheatsheets for experienced React developers getting started with TypeScript
ts	jamiepine/voicebox	https://github.com/jamiepine/voicebox.git	46757	108117	The open-source AI voice studio. Clone, dictate, create.
ts	KeygraphHQ/shannon	https://github.com/KeygraphHQ/shannon.git	46160	62825	Shannon is an autonomous, white-box AI pentester for web applications and APIs. It analyzes your source code, identifies attack vectors, and executes real explo
ts	jestjs/jest	https://github.com/jestjs/jest.git	45460	320791	Delightful JavaScript Testing.
ts	react-hook-form/react-hook-form	https://github.com/react-hook-form/react-hook-form.git	44801	31789	📋 React Hooks for form state management and validation (Web + React Native)
ts	vercel/hyper	https://github.com/vercel/hyper.git	44674	23510	A terminal built on web technologies
ts	abhigyanpatwari/GitNexus	https://github.com/abhigyanpatwari/GitNexus.git	44650	50075	GitNexus: The Zero-Server Code Intelligence Engine -       GitNexus is a client-side knowledge graph creator that runs entirely in your browser. Drop in a git r
ts	fastapi/full-stack-fastapi-template	https://github.com/fastapi/full-stack-fastapi-template.git	44429	6298	Full stack, modern web application template. Using FastAPI, React, SQLModel, PostgreSQL, Docker, GitHub Actions, automatic HTTPS and more.
ts	AykutSarac/jsoncrack.com	https://github.com/AykutSarac/jsoncrack.com.git	44266	42109	✨ Innovative and open-source visualization application that transforms various data formats, such as JSON, YAML, XML and CSV into interactive graphs.
ts	streamich/react-use	https://github.com/streamich/react-use.git	44007	84830	React Hooks — 👍
ts	babel/babel	https://github.com/babel/babel.git	43956	146213	🐠 Babel is a compiler for writing next generation JavaScript.
ts	payloadcms/payload	https://github.com/payloadcms/payload.git	43792	205023	Payload is the open-source, fullstack Next.js framework, giving you instant backend superpowers. Get a full TypeScript backend and admin panel instantly. Use Pa
ts	QuantumNous/new-api	https://github.com/QuantumNous/new-api.git	43409	61108	A unified AI model hub for aggregation & distribution. It supports cross-converting various LLMs into OpenAI-compatible, Claude-compatible, or Gemini-compatible
ts	colinhacks/zod	https://github.com/colinhacks/zod.git	43336	24037	TypeScript-first schema validation with static type inference
ts	FuelLabs/fuels-ts	https://github.com/FuelLabs/fuels-ts.git	43062	115558	Fuel Network Typescript SDK
ts	HeyPuter/puter	https://github.com/HeyPuter/puter.git	42862	44266	🌐 The Internet Computer! Free, Open-Source, and Self-Hostable.
ts	mifi/lossless-cut	https://github.com/mifi/lossless-cut.git	42358	26352	The swiss army knife of lossless video/audio editing
ts	nolimits4web/swiper	https://github.com/nolimits4web/swiper.git	41883	84490	Most modern mobile touch slider with hardware accelerated transitions
ts	hexojs/hexo	https://github.com/hexojs/hexo.git	41770	7656	A fast, simple & powerful blog framework, powered by Node.js.
ts	danny-avila/LibreChat	https://github.com/danny-avila/LibreChat.git	41278	200960	Enhanced ChatGPT Clone: Features Agents, MCP, Skills, DeepSeek, Anthropic, AWS, OpenAI, Responses API, Azure, Groq, o1, GPT-5, Mistral, OpenRouter, Vertex AI, G
ts	chatboxai/chatbox	https://github.com/chatboxai/chatbox.git	41140	41188	Powerful AI Client
ts	styled-components/styled-components	https://github.com/styled-components/styled-components.git	41128	40464	Fast, expressive styling for React. Server components, client components, streaming SSR, React Native—one API.
ts	vuetifyjs/vuetify	https://github.com/vuetifyjs/vuetify.git	41015	103204	🐉 Vue Component Framework
ts	chakra-ui/chakra-ui	https://github.com/chakra-ui/chakra-ui.git	40530	295532	Chakra UI is a component system for building SaaS products with speed ⚡️
ts	trpc/trpc	https://github.com/trpc/trpc.git	40463	69154	🧙‍♀️  Move Fast and Break Nothing. End-to-end typesafe APIs made easy. 
ts	Kong/insomnia	https://github.com/Kong/insomnia.git	39906	157647	The open-source, cross-platform API client for GraphQL, REST, WebSockets, SSE and gRPC. With Cloud, Local and Git storage.
ts	outline/outline	https://github.com/outline/outline.git	39842	325928	The fastest knowledge base for growing teams. Beautiful, realtime collaborative, feature packed, and markdown compatible.
ts	vadimdemedes/ink	https://github.com/vadimdemedes/ink.git	39466	2146	🌈 React for interactive command-line apps
ts	RSSNext/Folo	https://github.com/RSSNext/Folo.git	38711	76496	🧡 Folo is the AI RSS Reader
ts	ant-design/ant-design-pro	https://github.com/ant-design/ant-design-pro.git	38596	41648	👨🏻‍💻👩🏻‍💻 Use Ant Design like a Pro!
ts	bytedance/UI-TARS-desktop	https://github.com/bytedance/UI-TARS-desktop.git	38280	192844	The Open-Source Multimodal AI Agent Stack: Connecting Cutting-Edge AI Models and Agent Infra
ts	Yeachan-Heo/oh-my-claudecode	https://github.com/Yeachan-Heo/oh-my-claudecode.git	38075	71772	Teams-first Multi-agent orchestration for Claude Code
ts	portainer/portainer	https://github.com/portainer/portainer.git	38051	88806	Making Docker and Kubernetes management easy.
ts	umami-software/umami	https://github.com/umami-software/umami.git	37885	30147	Umami is a modern, privacy-focused analytics platform. An open-source alternative to Google Analytics, Mixpanel and Amplitude.
ts	xyflow/xyflow	https://github.com/xyflow/xyflow.git	37798	45756	React Flow | Svelte Flow - Powerful open source libraries for building node-based UIs with React (https://reactflow.dev) or Svelte (https://svelteflow.dev). Rea
ts	ueberdosis/tiptap	https://github.com/ueberdosis/tiptap.git	37779	83006	The headless rich text editor framework for web artisans.
ts	heygen-com/hyperframes	https://github.com/heygen-com/hyperframes.git	37663	364055	Write HTML. Render video. Built for agents.
ts	date-fns/date-fns	https://github.com/date-fns/date-fns.git	36614	25290	⏳ Modern JavaScript date utility library ⌛️
ts	typeorm/typeorm	https://github.com/typeorm/typeorm.git	36604	41910	TypeScript & JavaScript ORM for Node.js — supports PostgreSQL, MySQL, MariaDB, SQLite, SQL Server, Oracle, and more.
ts	musistudio/claude-code-router	https://github.com/musistudio/claude-code-router.git	36184	39305	One local control plane for every AI agent: route across models, fuse new capabilities, orchestrate tools, and stay fully in control.
ts	Dokploy/dokploy	https://github.com/Dokploy/dokploy.git	36093	31035	Open Source Alternative to Vercel, Netlify and Heroku.
ts	lerna/lerna	https://github.com/lerna/lerna.git	36053	42036	Lerna is a fast, modern build system for managing and publishing multiple JavaScript/TypeScript packages from the same repository.
ts	lfnovo/open-notebook	https://github.com/lfnovo/open-notebook.git	36010	21662	An Open Source implementation of Notebook LM with more flexibility and features
ts	ItzCrazyKns/Vane	https://github.com/ItzCrazyKns/Vane.git	35867	113096	Vane is an AI-powered answering engine.
ts	solidjs/solid	https://github.com/solidjs/solid.git	35760	19319	A declarative, efficient, and flexible JavaScript library for building user interfaces.
ts	AdguardTeam/AdGuardHome	https://github.com/AdguardTeam/AdGuardHome.git	35698	31791	Network-wide ads & trackers blocking DNS server
ts	alan2207/bulletproof-react	https://github.com/alan2207/bulletproof-react.git	35599	2249	🛡️ ⚛️ A simple, scalable, and powerful architecture for building production ready React applications. 
ts	ZuodaoTech/everyone-can-use-english	https://github.com/ZuodaoTech/everyone-can-use-english.git	35526	277724	人人都能用英语
ts	microsoft/playwright-mcp	https://github.com/microsoft/playwright-mcp.git	35490	2056	Playwright MCP server
ts	drizzle-team/drizzle-orm	https://github.com/drizzle-team/drizzle-orm.git	35260	55639	ORM
ts	Crosstalk-Solutions/project-nomad	https://github.com/Crosstalk-Solutions/project-nomad.git	34783	14980	Project N.O.M.A.D, is a self-contained, offline survival computer packed with critical tools, knowledge, and AI to keep you informed and empowered—anytime, anyw
csharp	DapperLib/Dapper	https://github.com/DapperLib/Dapper.git	18358	50065	Dapper - a simple object mapper for .Net
csharp	ardalis/CleanArchitecture	https://github.com/ardalis/CleanArchitecture.git	18347	3729	Clean Architecture Solution Template: A proven Clean Architecture Template for ASP.NET Core 10
csharp	netchx/netch	https://github.com/netchx/netch.git	17671	11837	A simple proxy client
csharp	OpenRA/OpenRA	https://github.com/OpenRA/OpenRA.git	17142	348977	Open Source real-time strategy game engine for early Westwood games such as Command & Conquer: Red Alert written in C# using SDL and OpenGL. Runs on Windows, Li
csharp	MaterialDesignInXAML/MaterialDesignInXamlToolkit	https://github.com/MaterialDesignInXAML/MaterialDesignInXamlToolkit.git	16214	79927	Google's Material Design in XAML & WPF, for C# & VB.Net. 
csharp	nilaoda/N_m3u8DL-CLI	https://github.com/nilaoda/N_m3u8DL-CLI.git	16017	6399	[.NET] m3u8 downloader 开源的命令行m3u8/HLS/dash下载器，支持普通AES-128-CBC解密，多线程，自定义请求头等. 支持简体中文,繁体中文和英文. English Supported.
csharp	Jackett/Jackett	https://github.com/Jackett/Jackett.git	15789	44766	API Support for your favorite torrent trackers
csharp	Tyrrrz/YoutubeDownloader	https://github.com/Tyrrrz/YoutubeDownloader.git	15744	1578	Downloads videos and playlists from YouTube
csharp	Flow-Launcher/Flow.Launcher	https://github.com/Flow-Launcher/Flow.Launcher.git	15244	98861	:mag: Quick file search & app launcher for Windows with community-made plugins
csharp	Tichau/FileConverter	https://github.com/Tichau/FileConverter.git	14849	248219	File Converter is a very simple tool which allows you to convert and compress files using the context menu in windows explorer.
csharp	duplicati/duplicati	https://github.com/duplicati/duplicati.git	14810	204808	Store securely encrypted backups in the cloud!
csharp	dotnet/efcore	https://github.com/dotnet/efcore.git	14754	233251	EF Core is a modern object-database mapper for .NET. It supports LINQ queries, change tracking, updates, and schema migrations.
csharp	Sonarr/Sonarr	https://github.com/Sonarr/Sonarr.git	14699	305043	Smart PVR for newsgroup and bittorrent users.
csharp	srwi/EverythingToolbar	https://github.com/srwi/EverythingToolbar.git	14424	27878	Everything integration for the Windows taskbar.
csharp	babalae/better-genshin-impact	https://github.com/babalae/better-genshin-impact.git	14366	368593	📦BetterGI · 更好的原神 - 自动拾取 | 自动剧情 | 全自动钓鱼(AI) | 全自动七圣召唤 | 自动伐木 | 自动刷本 | 自动采集/挖矿/锄地 | 一条龙 | 全连音游 | 自动烹饪 - UI Automation Testing Tools For Genshin Impact
csharp	seerge/g-helper	https://github.com/seerge/g-helper.git	14359	43518	Lightweight Armoury Crate alternative for Asus laptops with nearly the same functionality. Works with ROG Zephyrus, Flow, TUF, Strix, Scar, ProArt, Vivobook, Ze
csharp	MonoGame/MonoGame	https://github.com/MonoGame/MonoGame.git	14223	119991	One framework for creating powerful cross-platform games.
csharp	App-vNext/Polly	https://github.com/App-vNext/Polly.git	14212	57830	Polly is a .NET resilience and transient-fault-handling library that allows developers to express policies such as Retry, Circuit Breaker, Timeout, Bulkhead Iso
csharp	winsw/winsw	https://github.com/winsw/winsw.git	14164	3566	A wrapper executable that can run any executable as a Windows service, in a permissive license.
csharp	Radarr/Radarr	https://github.com/Radarr/Radarr.git	14050	316171	Movie organizer/manager for usenet and torrent users.
csharp	kgrzybek/modular-monolith-with-ddd	https://github.com/kgrzybek/modular-monolith-with-ddd.git	13877	8423	Full Modular Monolith application with Domain-Driven Design approach.
csharp	JosefNemec/Playnite	https://github.com/JosefNemec/Playnite.git	13608	75210	Video game library manager with support for wide range of 3rd party libraries and game emulation support, providing one unified interface for your games.
csharp	SubtitleEdit/subtitleedit	https://github.com/SubtitleEdit/subtitleedit.git	13607	221844	the subtitle editor :)
csharp	JustArchiNET/ArchiSteamFarm	https://github.com/JustArchiNET/ArchiSteamFarm.git	13573	243598	C# application with primary purpose of farming Steam cards from multiple accounts simultaneously.
csharp	MiniMax-AI/skills	https://github.com/MiniMax-AI/skills.git	13163	7675	
csharp	Unity-Technologies/UnityCsReference	https://github.com/Unity-Technologies/UnityCsReference.git	12923	87017	Unity C# reference source code.
csharp	CoplayDev/unity-mcp	https://github.com/CoplayDev/unity-mcp.git	12837	44579	Unity MCP acts as a bridge between AI assistants and your Unity Editor. Give your LLM tools to manage assets, control scenes, edit scripts, and automate tasks w
csharp	dotnet/csharplang	https://github.com/dotnet/csharplang.git	12660	16028	The official repo for the design of the C# programming language
csharp	wmjordan/PDFPatcher	https://github.com/wmjordan/PDFPatcher.git	12572	73268	PDF补丁丁——PDF工具箱，可以编辑书签、剪裁旋转页面、解除限制、提取或合并文档，探查文档结构，提取图片、转成图片等等
csharp	OdysseusYuan/LKY_OfficeTools	https://github.com/OdysseusYuan/LKY_OfficeTools.git	12373	49445	一键自动化 下载、安装、激活 Office 的利器。
csharp	memstechtips/Winhance	https://github.com/memstechtips/Winhance.git	12059	51037	Application designed to optimize, customize and enhance your Windows experience.
csharp	aspnetboilerplate/aspnetboilerplate	https://github.com/aspnetboilerplate/aspnetboilerplate.git	11996	65121	ASP.NET Boilerplate - Web Application Framework
csharp	k1tbyte/Wand-Enhancer	https://github.com/k1tbyte/Wand-Enhancer.git	11996	2169	Advanced UX and interoperability extension for Wand (WeMod) app
csharp	microsoft/garnet	https://github.com/microsoft/garnet.git	11907	215564	Garnet is a remote cache-store from Microsoft Research that offers strong performance (throughput and latency), scalability, storage, recovery, cluster sharding
csharp	LuckyPennySoftware/MediatR	https://github.com/LuckyPennySoftware/MediatR.git	11850	6100	Simple, unambitious mediator implementation in .NET
csharp	lucasg/Dependencies	https://github.com/lucasg/Dependencies.git	11707	15341	A rewrite of the old legacy software "depends.exe" in C# for Windows devs to troubleshoot dll load dependencies issues.
csharp	Tyrrrz/DiscordChatExporter	https://github.com/Tyrrrz/DiscordChatExporter.git	11638	4523	Saves Discord chat logs to a file
csharp	spectreconsole/spectre.console	https://github.com/spectreconsole/spectre.console.git	11557	16336	A .NET library that makes it easier to create beautiful console applications.
csharp	chocolatey/choco	https://github.com/chocolatey/choco.git	11470	49715	Chocolatey - the package manager for Windows
csharp	dotnet/BenchmarkDotNet	https://github.com/dotnet/BenchmarkDotNet.git	11463	70952	Powerful .NET library for benchmarking
csharp	Kareadita/Kavita	https://github.com/Kareadita/Kavita.git	11325	341775	Kavita is a fast, feature rich, cross platform reading server. Built with the goal of being a full solution for all your reading needs. Setup your own server an
csharp	JamesNK/Newtonsoft.Json	https://github.com/JamesNK/Newtonsoft.Json.git	11316	27025	Json.NET is a popular high-performance JSON framework for .NET
csharp	lostindark/DriverStoreExplorer	https://github.com/lostindark/DriverStoreExplorer.git	11236	2206	Driver Store Explorer
csharp	File-New-Project/EarTrumpet	https://github.com/File-New-Project/EarTrumpet.git	11228	35519	EarTrumpet - Volume Control for Windows
csharp	tui-cs/Terminal.Gui	https://github.com/tui-cs/Terminal.Gui.git	11133	199411	Cross Platform Terminal UI toolkit for .NET
csharp	coding-horror/basic-computer-games	https://github.com/coding-horror/basic-computer-games.git	11084	78446	An updated version of the classic "Basic Computer Games" book, with well-written examples in a variety of common MEMORY SAFE, SCRIPTING programming languages. S
csharp	Cysharp/UniTask	https://github.com/Cysharp/UniTask.git	11070	6145	Provides an efficient allocation free async/await integration for Unity.
csharp	mRemoteNG/mRemoteNG	https://github.com/mRemoteNG/mRemoteNG.git	10983	270531	mRemoteNG is the next generation of mRemote, open source, tabbed, multi-protocol, remote connections manager.
csharp	dotnet/orleans	https://github.com/dotnet/orleans.git	10816	74472	Cloud Native application framework for .NET
csharp	MathewSachin/Captura	https://github.com/MathewSachin/Captura.git	10756	5723	Capture Screen, Audio, Cursor, Mouse Clicks and Keystrokes
csharp	YSGStudyHards/DotNetGuide	https://github.com/YSGStudyHards/DotNetGuide.git	10733	5468	🌈【C#/.NET/.NET Core学习、工作、面试指南】记录、收集和总结C#/.NET/.NET Core基础知识、学习路线、开发实战、编程技巧练习、学习视频、文章、书籍、项目框架、社区组织、开发必备工具、技术前沿周刊、常见面试题、面试须知、简历模板、人才招聘、以及自己在学习和工作中的一些微薄见解。希望能和大家一起
csharp	dotnet/eShop	https://github.com/dotnet/eShop.git	10711	25397	A reference .NET application implementing an eCommerce site
csharp	MudBlazor/MudBlazor	https://github.com/MudBlazor/MudBlazor.git	10514	46382	Blazor Component Library based on Material Design principles. Do more with Blazor, utilizing CSS and keeping JavaScript to a bare minimum.
csharp	dodyg/practical-aspnetcore	https://github.com/dodyg/practical-aspnetcore.git	10388	46753	Practical samples of ASP.NET Core 11, 10, 9, 8.0, 7.0, 6.0, 5.0, 3.1, 2.2, and 2.1,projects you can use. Readme contains explanations on all projects.
csharp	cefsharp/CefSharp	https://github.com/cefsharp/CefSharp.git	10235	292721	.NET (WPF and Windows Forms) bindings for the Chromium Embedded Framework
csharp	runcat-dev/RunCat365	https://github.com/runcat-dev/RunCat365.git	10227	1624	A cute running cat animation on your windows taskbar.
csharp	studyzy/imewlconverter	https://github.com/studyzy/imewlconverter.git	10198	65672	”深蓝词库转换“ 一款开源免费的输入法词库转换程序
csharp	LuckyPennySoftware/AutoMapper	https://github.com/LuckyPennySoftware/AutoMapper.git	10195	127430	A convention-based object-object mapper in .NET. 
csharp	0x7c13/Notepads	https://github.com/0x7c13/Notepads.git	10192	40396	A modern, lightweight text editor with a minimalist design.
csharp	HangfireIO/Hangfire	https://github.com/HangfireIO/Hangfire.git	10106	38571	An easy way to perform background job processing in .NET and .NET Core applications. No Windows Service or separate process required
csharp	unoplatform/uno	https://github.com/unoplatform/uno.git	9991	331339	Open-source platform for building cross-platform native Mobile, Web, Desktop, and Embedded apps from a single C#/XAML codebase. Work from any IDE/CLI with Hot R
csharp	restsharp/RestSharp	https://github.com/restsharp/RestSharp.git	9830	41439	Simple REST and HTTP API Client for .NET
csharp	MahApps/MahApps.Metro	https://github.com/MahApps/MahApps.Metro.git	9813	122017	A framework that allows developers to cobble together a better UI for their own WPF applications with minimal effort.
csharp	Humanizr/Humanizer	https://github.com/Humanizr/Humanizer.git	9786	12178	Humanizer meets all your .NET needs for manipulating and displaying strings, enums, dates, times, timespans, numbers and quantities
csharp	FluentValidation/FluentValidation	https://github.com/FluentValidation/FluentValidation.git	9746	20018	A popular .NET validation library for building strongly-typed validation rules.
csharp	bchavez/Bogus	https://github.com/bchavez/Bogus.git	9720	6417	:card_index: A simple fake data generator for C#, F#, and VB.NET. Based on and ported from the famed faker.js.
csharp	felixse/FluentTerminal	https://github.com/felixse/FluentTerminal.git	9610	18893	A Terminal Emulator based on UWP and web technologies.
csharp	AutoDarkMode/Windows-Auto-Night-Mode	https://github.com/AutoDarkMode/Windows-Auto-Night-Mode.git	9598	62292	Automatically switches between the dark and light theme of Windows 10 and Windows 11
csharp	dotnet/yarp	https://github.com/dotnet/yarp.git	9580	23406	A toolkit for developing high-performance HTTP reverse proxy applications.
csharp	lepoco/wpfui	https://github.com/lepoco/wpfui.git	9556	46733	WPF UI provides the Fluent experience in your known and loved WPF framework. Intuitive design, themes, navigation and new immersive controls. All natively and e
csharp	reactiveui/refit	https://github.com/reactiveui/refit.git	9549	18554	The automatic type-safe REST library for .NET Core, Xamarin and .NET. Heavily inspired by Square's Retrofit library, Refit turns your REST API into a live inter
csharp	litedb-org/LiteDB	https://github.com/litedb-org/LiteDB.git	9437	47035	LiteDB - A .NET NoSQL Document Store in a single data file
csharp	SignalR/SignalR	https://github.com/SignalR/SignalR.git	9396	44685	Incredibly simple real-time web for .NET
csharp	dotnet/machinelearning	https://github.com/dotnet/machinelearning.git	9344	102292	ML.NET is an open source and cross-platform machine learning framework for .NET.
csharp	TechnitiumSoftware/DnsServer	https://github.com/TechnitiumSoftware/DnsServer.git	9333	9030	Technitium DNS Server
php	flarum/flarum	https://github.com/flarum/flarum.git	16359	748	Simple forum software for building great communities.
php	easychen/opc-methodology	https://github.com/easychen/opc-methodology.git	16278	33706	《一人企业方法论》第二版，也适合做其他副业（比如自媒体、电商、数字商品）的非技术人群。
php	FreshRSS/FreshRSS	https://github.com/FreshRSS/FreshRSS.git	15611	35267	A free, self-hostable news aggregator…
php	getgrav/grav	https://github.com/getgrav/grav.git	15590	32032	Modern, Crazy Fast, Ridiculously Easy and Amazingly Powerful Flat-File CMS powered by PHP, Markdown, Twig, and Symfony
php	cachethq/cachet	https://github.com/cachethq/cachet.git	15148	37786	🚦 Cachet, the open source, self-hosted status page system.
php	erusev/parsedown	https://github.com/erusev/parsedown.git	15058	1512	Better Markdown Parser in PHP
php	barryvdh/laravel-ide-helper	https://github.com/barryvdh/laravel-ide-helper.git	14955	1850	IDE Helper for Laravel
php	Intervention/image	https://github.com/Intervention/image.git	14358	6709	PHP Image Processing
php	yiisoft/yii2	https://github.com/yiisoft/yii2.git	14305	90707	Yii 2: The Fast, Secure and Professional PHP Framework
php	Qloapps/QloApps	https://github.com/Qloapps/QloApps.git	14126	122863	QloApps is a Free and Open-source hotel management and reservation system to take a hotel business online. QloApps offers a Property Management System (PMS), a 
php	grokability/snipe-it	https://github.com/grokability/snipe-it.git	14105	307537	A free open source IT asset/license management system
php	PHPOffice/PhpSpreadsheet	https://github.com/PHPOffice/PhpSpreadsheet.git	13954	82206	A pure PHP library for reading and writing spreadsheet files
php	thephpleague/flysystem	https://github.com/thephpleague/flysystem.git	13580	3980	Abstraction for local and remote filesystems
php	PHP-CS-Fixer/PHP-CS-Fixer	https://github.com/PHP-CS-Fixer/PHP-CS-Fixer.git	13547	41511	A tool to automatically fix PHP Coding Standards issues
php	vlucas/phpdotenv	https://github.com/vlucas/phpdotenv.git	13541	653	Loads environment variables from `.env` to `getenv()`, `$_ENV` and `$_SERVER` automagically.
php	digininja/DVWA	https://github.com/digininja/DVWA.git	13406	2811	Damn Vulnerable Web Application (DVWA)
php	roots/sage	https://github.com/roots/sage.git	13244	10297	WordPress starter theme with Laravel Blade components and templates, Tailwind CSS, and block editor support
php	filp/whoops	https://github.com/filp/whoops.git	13237	1752	PHP errors for cool kids 
php	spatie/laravel-permission	https://github.com/spatie/laravel-permission.git	12940	3376	Associate users with roles and permissions
php	wallabag/wallabag	https://github.com/wallabag/wallabag.git	12854	138671	wallabag is a self hostable application for saving web pages: Save and classify articles. Read them later. Freely.
php	star7th/showdoc	https://github.com/star7th/showdoc.git	12844	42646	ShowDoc is a tool greatly applicable for an IT team to share documents online一个非常适合IT团队的在线API文档、技术文档工具
php	SpartnerNL/Laravel-Excel	https://github.com/SpartnerNL/Laravel-Excel.git	12689	3802	🚀 Supercharged Excel exports and imports in Laravel
php	ramsey/uuid	https://github.com/ramsey/uuid.git	12630	3273	:snowflake: A PHP library for generating universally unique identifiers (UUIDs).
php	piotrplenik/clean-code-php	https://github.com/piotrplenik/clean-code-php.git	12455	368	:bathtub: Clean Code concepts adapted for PHP
php	typecho/typecho	https://github.com/typecho/typecho.git	12411	10751	A PHP Blogging Platform. Simple and Powerful.
php	phacility/phabricator	https://github.com/phacility/phabricator.git	12302	144626	Effective June 1, 2021: Phabricator is no longer actively maintained.
php	slimphp/Slim	https://github.com/slimphp/Slim.git	12268	7256	Slim is a PHP micro framework that helps you quickly write simple yet powerful web applications and APIs.
php	egulias/EmailValidator	https://github.com/egulias/EmailValidator.git	11640	727	PHP Email address validator
php	aureuserp/aureuserp	https://github.com/aureuserp/aureuserp.git	11593	25193	Free and Open Source ERP platform
php	pestphp/pest	https://github.com/pestphp/pest.git	11584	3436	The elegant testing framework for PHP developers and AI agents.
php	walkor/workerman	https://github.com/walkor/workerman.git	11552	3985	An asynchronous event driven PHP socket framework. Supports HTTP, Websocket, SSL and other custom protocols. 
php	tymondesigns/jwt-auth	https://github.com/tymondesigns/jwt-auth.git	11495	1757	🔐 JSON Web Token Authentication for Laravel & Lumen
php	doctrine/inflector	https://github.com/doctrine/inflector.git	11345	2073	Doctrine Inflector is a small library that can perform string manipulations with regard to uppercase/lowercase and singular/plural forms of words.
php	dompdf/dompdf	https://github.com/dompdf/dompdf.git	11163	17589	HTML to PDF converter for PHP
php	doctrine/lexer	https://github.com/doctrine/lexer.git	11152	319	Base library for a lexer that can be used in Top-Down, Recursive Descent Parsers.
php	z-song/laravel-admin	https://github.com/z-song/laravel-admin.git	11149	15818	Build a full-featured administrative interface in ten minutes
php	octobercms/october	https://github.com/octobercms/october.git	11142	78258	Self-hosted CMS platform based on the Laravel PHP Framework.
php	deployphp/deployer	https://github.com/deployphp/deployer.git	11091	14246	The PHP deployment tool with support for popular frameworks out of the box
php	Leantime/leantime	https://github.com/Leantime/leantime.git	11078	249575	Leantime is a goals focused project management system for non-project managers. Building with ADHD, Autism, and dyslexia in mind.
php	doctrine/instantiator	https://github.com/doctrine/instantiator.git	10995	473	
php	phalcon/cphalcon	https://github.com/phalcon/cphalcon.git	10830	264849	High performance, full-stack PHP framework delivered as a C extension.
php	squizlabs/PHP_CodeSniffer	https://github.com/squizlabs/PHP_CodeSniffer.git	10774	201893	PHP_CodeSniffer tokenizes PHP files and detects violations of a defined set of coding standards.
php	tennc/webshell	https://github.com/tennc/webshell.git	10753	101993	This is a webshell open source project
php	unopim/unopim	https://github.com/unopim/unopim.git	10742	39346	UnoPIM is a free and open-source Product Information Management (PIM) solution built on Laravel to manage, enrich, and scale product data beyond 10 million prod
php	mockery/mockery	https://github.com/mockery/mockery.git	10725	88788	Mockery is a simple yet flexible PHP mock object framework for use in unit testing with PHPUnit, PHPSpec or any other testing framework. Its core goal is to off
php	serbanghita/Mobile-Detect	https://github.com/serbanghita/Mobile-Detect.git	10681	4365	Mobile_Detect is a lightweight PHP class for detecting mobile devices (including tablets). It uses the User-Agent string combined with specific HTTP headers to 
php	php-fig/log	https://github.com/php-fig/log.git	10427	66	
php	Anankke/SSPanel-UIM	https://github.com/Anankke/SSPanel-UIM.git	10389	143270	Multi-purpose proxy service management system
php	rectorphp/rector	https://github.com/rectorphp/rector.git	10381	378515	Instant Upgrades and Automated Refactoring of any PHP 5.3+ code
php	w7corp/easywechat	https://github.com/w7corp/easywechat.git	10373	7302	📦 一个 PHP 微信 SDK
php	mautic/mautic	https://github.com/mautic/mautic.git	10225	298630	Mautic: Open Source Marketing Automation Software.
php	doctrine/orm	https://github.com/doctrine/orm.git	10171	55535	Doctrine Object Relational Mapper (ORM)
php	nextcloud/all-in-one	https://github.com/nextcloud/all-in-one.git	10161	13713	📦 The official Nextcloud installation method. Provides easy deployment and maintenance with most features included in this one Nextcloud instance.
php	guyueyingmu/avbook	https://github.com/guyueyingmu/avbook.git	10008	8229	AV 电影管理系统， avmoo , javbus , javlibrary 爬虫，线上 AV 影片图书馆，AV 磁力链接数据库，Japanese Adult Video Library,Adult Video Magnet Links - Japanese Adult Video Database
php	php-fig/container	https://github.com/php-fig/container.git	10001	338	
php	akaunting/akaunting	https://github.com/akaunting/akaunting.git	9984	86528	Online Accounting Software
php	bobthecow/psysh	https://github.com/bobthecow/psysh.git	9834	5851	A REPL for PHP
php	symfony/console	https://github.com/symfony/console.git	9813	7206	Eases the creation of beautiful and testable command line interfaces
php	googleapis/google-api-php-client	https://github.com/googleapis/google-api-php-client.git	9807	16333	A PHP client library for accessing Google APIs
php	kanboard/kanboard	https://github.com/kanboard/kanboard.git	9743	95472	Kanban project management software
php	doctrine/dbal	https://github.com/doctrine/dbal.git	9704	46025	Doctrine Database Abstraction Layer
php	phpDocumentor/ReflectionDocBlock	https://github.com/phpDocumentor/ReflectionDocBlock.git	9371	1380	
php	dingo/api	https://github.com/dingo/api.git	9360	1684	A RESTful API package for the Laravel and Lumen frameworks.
php	linuxserver/Heimdall	https://github.com/linuxserver/Heimdall.git	9281	46387	An Application dashboard and launcher
php	phpDocumentor/TypeResolver	https://github.com/phpDocumentor/TypeResolver.git	9169	963	A PSR-5 based resolver of Class names, Types and Structural Element Names
php	api-platform/api-platform	https://github.com/api-platform/api-platform.git	9168	6252	🕸️ Create REST and GraphQL APIs, scaffold Jamstack webapps, stream changes in real-time.
ruby	fluent/fluentd	https://github.com/fluent/fluentd.git	13568	21318	Fluentd: Unified Logging Layer (project under CNCF)
ruby	sidekiq/sidekiq	https://github.com/sidekiq/sidekiq.git	13553	15103	Simple, efficient background processing for Ruby
ruby	capistrano/capistrano	https://github.com/capistrano/capistrano.git	12972	4655	A deployment automation tool built on Ruby, Rake, and SSH.
ruby	rubocop/rubocop	https://github.com/rubocop/rubocop.git	12893	54095	A Ruby static code analyzer and formatter, based on the community Ruby style guide.
ruby	sinatra/sinatra	https://github.com/sinatra/sinatra.git	12447	7873	Classy web-development dressed in a DSL (official / canonical repo)
ruby	ubicloud/ubicloud	https://github.com/ubicloud/ubicloud.git	12169	24171	Open source alternative to AWS. Elastic compute, block storage (non replicated), firewall and load balancer, managed Postgres, K8s, AI inference, and IAM servic
ruby	faker-ruby/faker	https://github.com/faker-ruby/faker.git	11917	15054	A library for generating fake data such as names, addresses, and phone numbers.
ruby	Shopify/liquid	https://github.com/Shopify/liquid.git	11840	6592	Liquid markup language. Safe, customer facing template language for flexible web apps. 
ruby	greatghoul/remote-working	https://github.com/greatghoul/remote-working.git	11688	2285	收集整理远程工作相关的资料
ruby	jordansissel/fpm	https://github.com/jordansissel/fpm.git	11498	3099	Effing package management! Build packages for multiple platforms (deb, rpm, etc) with great ease and sanity.
ruby	teamcapybara/capybara	https://github.com/teamcapybara/capybara.git	10166	12757	Acceptance test framework for web applications
ruby	ruby-grape/grape	https://github.com/ruby-grape/grape.git	9995	7359	An opinionated framework for creating REST-like APIs in Ruby.
ruby	Freika/dawarich	https://github.com/Freika/dawarich.git	9882	60838	Your favorite self-hostable alternative to Google Timeline (Google Location History)
ruby	wpscanteam/wpscan	https://github.com/wpscanteam/wpscan.git	9705	59895	WPScan WordPress security scanner. Written for security professionals and blog maintainers to test the security of their WordPress websites. Contact us via cont
ruby	activeadmin/activeadmin	https://github.com/activeadmin/activeadmin.git	9704	16745	The administration framework for Ruby on Rails applications.
ruby	resque/resque	https://github.com/resque/resque.git	9479	2689	Resque is a Redis-backed Ruby library for creating background jobs, placing them on multiple queues, and processing them later.
ruby	antiwork/gumroad	https://github.com/antiwork/gumroad.git	9477	355784	See what sticks
ruby	freeCodeCamp/how-to-contribute-to-open-source	https://github.com/freeCodeCamp/how-to-contribute-to-open-source.git	9318	777	A guide to contributing to open source
ruby	imathis/octopress	https://github.com/imathis/octopress.git	9238	170801	Octopress is an obsessively designed framework for Jekyll blogging. It’s easy to configure and easy to deploy. Sweet huh?
ruby	we-promise/sure	https://github.com/we-promise/sure.git	9147	79256	The personal finance app for everyone (by everyone)
ruby	ankane/pghero	https://github.com/ankane/pghero.git	8899	2184	A performance dashboard for Postgres
ruby	javan/whenever	https://github.com/javan/whenever.git	8862	582	Cron jobs in Ruby
ruby	carrierwaveuploader/carrierwave	https://github.com/carrierwaveuploader/carrierwave.git	8783	5102	Classier solution for file uploads for Rails, Sinatra and other Ruby web frameworks
ruby	kaminari/kaminari	https://github.com/kaminari/kaminari.git	8676	1568	⚡ A Scope & Engine based, clean, powerful, customizable and sophisticated paginator for Ruby webapps
ruby	community/community	https://github.com/community/community.git	8591	735	Public feedback discussions for: GitHub Mobile, GitHub Discussions, GitHub Codespaces, GitHub Sponsors, GitHub Issues and more!
ruby	varvet/pundit	https://github.com/varvet/pundit.git	8521	751	Minimal authorization through OO design and pure Ruby classes
ruby	heartcombo/simple_form	https://github.com/heartcombo/simple_form.git	8229	2877	Forms made easy for Rails! It's tied to a simple DSL, with no opinion on markup.
ruby	chef/chef	https://github.com/chef/chef.git	8224	394841	Chef Infra, a powerful automation platform that transforms infrastructure into code automating how infrastructure is configured, deployed and managed across any
ruby	thoughtbot/factory_bot	https://github.com/thoughtbot/factory_bot.git	8184	4216	A library for setting up Ruby objects as test data.
ruby	omniauth/omniauth	https://github.com/omniauth/omniauth.git	8098	3071	OmniAuth is a flexible authentication system utilizing Rack middleware.
ruby	basecamp/fizzy	https://github.com/basecamp/fizzy.git	7987	61727	Kanban as it should be. Not as it has been.
ruby	railsadminteam/rails_admin	https://github.com/railsadminteam/rails_admin.git	7957	20993	RailsAdmin is a Rails engine that provides an easy-to-use interface for managing your data
ruby	puppetlabs/puppet	https://github.com/puppetlabs/puppet.git	7914	90447	Server automation framework and application
ruby	puma/puma	https://github.com/puma/puma.git	7909	12935	A Ruby/Rack web server built for parallelism
ruby	github/scientist	https://github.com/github/scientist.git	7740	246	:microscope: A Ruby library for carefully refactoring critical paths.
ruby	github-changelog-generator/github-changelog-generator	https://github.com/github-changelog-generator/github-changelog-generator.git	7527	2486	Automatically generate change log from your tags, issues, labels and pull requests on GitHub.
ruby	realm/jazzy	https://github.com/realm/jazzy.git	7380	91695	Soulful docs for Swift & Objective-C
ruby	flyerhzm/bullet	https://github.com/flyerhzm/bullet.git	7335	1764	help to kill N+1 queries and unused eager loading
ruby	presidentbeef/brakeman	https://github.com/presidentbeef/brakeman.git	7256	46195	A static analysis security vulnerability scanner for Ruby on Rails applications
ruby	middleman/middleman	https://github.com/middleman/middleman.git	7115	23697	Hand-crafted frontend development
ruby	paper-trail-gem/paper_trail	https://github.com/paper-trail-gem/paper_trail.git	7026	3936	Track changes to your rails models
ruby	BetterErrors/better_errors	https://github.com/BetterErrors/better_errors.git	6864	1494	Better error page for Rack apps
ruby	pry/pry	https://github.com/pry/pry.git	6833	8501	A runtime developer console and IRB alternative with powerful introspection capabilities.
ruby	sj26/mailcatcher	https://github.com/sj26/mailcatcher.git	6771	942	Catches mail and serves it through a dream.
ruby	bkeepers/dotenv	https://github.com/bkeepers/dotenv.git	6767	728	A Ruby gem to load environment variables from `.env`. 
ruby	urbanadventurer/WhatWeb	https://github.com/urbanadventurer/WhatWeb.git	6738	11121	Next generation web scanner
ruby	ankane/searchkick	https://github.com/ankane/searchkick.git	6718	3268	Intelligent search made easy
ruby	kkuchta/css-only-chat	https://github.com/kkuchta/css-only-chat.git	6594	21	A truly monstrous async web chat using no JS whatsoever on the frontend
ruby	midudev/autoskills	https://github.com/midudev/autoskills.git	6573	8210	One command. Your entire AI skill stack. Installed.
ruby	busyloop/lolcat	https://github.com/busyloop/lolcat.git	6556	533	Rainbows and unicorns!
ruby	ankane/chartkick	https://github.com/ankane/chartkick.git	6527	2065	Create beautiful JavaScript charts with one line of Ruby
ruby	guard/guard	https://github.com/guard/guard.git	6456	4040	Guard is a command line tool to easily handle events on file system modifications.
ruby	alexreisner/geocoder	https://github.com/alexreisner/geocoder.git	6446	3169	Complete Ruby geocoding solution.
ruby	hanami/hanami	https://github.com/hanami/hanami.git	6387	27131	A flexible framework for maintainable Ruby apps
ruby	norman/friendly_id	https://github.com/norman/friendly_id.git	6225	3893	FriendlyId is the “Swiss Army bulldozer” of slugging and permalink plugins for ActiveRecord. It allows you to create pretty URL’s and work with human-friendly s
ruby	ddollar/foreman	https://github.com/ddollar/foreman.git	6157	1228	Manage Procfile-based applications
ruby	vcr/vcr	https://github.com/vcr/vcr.git	6076	3534	Record your test suite's HTTP interactions and replay them during future test runs for fast, deterministic, accurate tests.
ruby	venmo/synx	https://github.com/venmo/synx.git	6043	18385	A command-line tool that reorganizes your Xcode project folder to match your Xcode groups
ruby	github/markup	https://github.com/github/markup.git	6038	975	Determines which markup library to use to render a content file (e.g. README) on GitHub
ruby	redmine/redmine	https://github.com/redmine/redmine.git	5993	112292	Mirror of redmine code source - Official Subversion repository is at https://svn.redmine.org/redmine - contact: @vividtone or maeda (at) farend (dot) jp
ruby	lostisland/faraday	https://github.com/lostisland/faraday.git	5945	3433	Simple, but flexible HTTP client library, with support for multiple backends.
ruby	hartator/wayback-machine-downloader	https://github.com/hartator/wayback-machine-downloader.git	5910	164	Download an entire website from the Wayback Machine.
ruby	jnunemaker/httparty	https://github.com/jnunemaker/httparty.git	5896	1597	:tada: Makes http fun again!
ruby	activerecord-hackery/ransack	https://github.com/activerecord-hackery/ransack.git	5864	43993	Object-based searching. 
ruby	ruby-concurrency/concurrent-ruby	https://github.com/ruby-concurrency/concurrent-ruby.git	5832	11175	Modern concurrency tools including agents, futures, promises, thread pools, supervisors, and more. Inspired by Erlang, Clojure, Scala, Go, Java, JavaScript, and
ruby	rack/rack-attack	https://github.com/rack/rack-attack.git	5752	985	Rack middleware for blocking & throttling
perl	mojolicious/mojo	https://github.com/mojolicious/mojo.git	2744	30685	:sparkles: Mojolicious - Perl real-time web framework
perl	jfcoz/postgresqltuner	https://github.com/jfcoz/postgresqltuner.git	2702	152	Simple script to analyse your PostgreSQL database configuration, and give tuning advice
perl	Moham3dRiahi/Th3inspector	https://github.com/Moham3dRiahi/Th3inspector.git	2648	342	Th3Inspector 🕵️ Best Tool For Information Gathering 🔎
perl	get-iplayer/get_iplayer	https://github.com/get-iplayer/get_iplayer.git	2528	5738	A utility for downloading TV and radio programmes from BBC iPlayer and BBC Sounds
perl	szTheory/exifcleaner	https://github.com/szTheory/exifcleaner.git	2527	21385	Cross-platform desktop GUI app to clean image metadata
perl	htrgouvea/nipe	https://github.com/htrgouvea/nipe.git	2364	392	An engine to make Tor network your default gateway
perl	CNSRE/ABTestingGateway	https://github.com/CNSRE/ABTestingGateway.git	2351	13032	
perl	Perl/perl5	https://github.com/Perl/perl5.git	2310	370135	🐪 The Perl programming language
perl	curl/everything-curl	https://github.com/curl/everything-curl.git	2255	10830	The book documenting the curl project, the curl tool, libcurl and more. Simply put: everything curl.
perl	ovh/the-bastion	https://github.com/ovh/the-bastion.git	2162	6537	Authentication, authorization, traceability and auditability for SSH accesses.
perl	munin-monitoring/munin	https://github.com/munin-monitoring/munin.git	2136	20150	Main repository for munin master / node / plugins
perl	digint/btrbk	https://github.com/digint/btrbk.git	2116	2360	Tool for creating snapshots and remote backups of btrfs subvolumes
perl	samyk/slipstream	https://github.com/samyk/slipstream.git	1983	3884	NAT Slipstreaming allows an attacker to remotely access any TCP/UDP services bound to a victim machine, bypassing the victim’s NAT/firewall, just by anyone on t
perl	jondonas/linux-exploit-suggester-2	https://github.com/jondonas/linux-exploit-suggester-2.git	1978	32	Next-Generation Linux Kernel Exploit Suggester
perl	oetiker/SmokePing	https://github.com/oetiker/SmokePing.git	1927	2743	The Active Monitoring System
perl	owasp-modsecurity/ModSecurity-nginx	https://github.com/owasp-modsecurity/ModSecurity-nginx.git	1841	1369	ModSecurity v3 Nginx Connector
perl	InteliSecureLabs/Linux_Exploit_Suggester	https://github.com/InteliSecureLabs/Linux_Exploit_Suggester.git	1817	238	Linux Exploit Suggester; based on operating system release number 
perl	kost/dvcs-ripper	https://github.com/kost/dvcs-ripper.git	1777	48	Rip web accessible (distributed) version control systems: SVN/GIT/HG...
perl	Moham3dRiahi/XAttacker	https://github.com/Moham3dRiahi/XAttacker.git	1749	214	X Attacker Tool ☣ Website Vulnerability Scanner & Auto Exploiter
perl	hexsum/Mojo-Webqq	https://github.com/hexsum/Mojo-Webqq.git	1703	5586	【重要通知：WebQQ将在2019年1月1日停止服务，此项目目前已停止维护，感谢大家四年来的一路陪伴】使用Perl语言（不会没关系）编写的smartqq/webqq客户端框架（非GUI），可通过插件提供基于HTTP协议的api接口供其他语言或系统调用
perl	openresty/openresty-systemtap-toolkit	https://github.com/openresty/openresty-systemtap-toolkit.git	1669	345	Real-time analysis and diagnostics tools for OpenResty (including NGINX, LuaJIT, ngx_lua, and more) based on SystemTap
perl	backuppc/backuppc	https://github.com/backuppc/backuppc.git	1619	5776	BackupPC is a high-performance, enterprise-grade system for backing up to a server's disk.
perl	AlisamTechnology/ATSCAN	https://github.com/AlisamTechnology/ATSCAN.git	1583	3586	Advanced dork Search & Mass Exploit Scanner
perl	percona/percona-toolkit	https://github.com/percona/percona-toolkit.git	1526	117247	Percona Toolkit: a collection of advanced open source command-line tools.
perl	yoshinorim/mha4mysql-manager	https://github.com/yoshinorim/mha4mysql-manager.git	1508	377	Development tree of Master High Availability Manager and tools for MySQL (MHA), Manager part
perl	OpenKore/openkore	https://github.com/OpenKore/openkore.git	1498	288527	A free/open source client and automation tool for Ragnarok Online
perl	beyondgrep/ack2	https://github.com/beyondgrep/ack2.git	1466	2516	**ack 2 is no longer being maintained.  ack 3 is the latest version.**
perl	CiscoCXSecurity/enum4linux	https://github.com/CiscoCXSecurity/enum4linux.git	1405	132	enum4Linux is a Linux alternative to enum.exe for enumerating data from Windows and Samba hosts
perl	OreosLab/checkinpanel	https://github.com/OreosLab/checkinpanel.git	1400	1446	一个主要运行在 𝐞𝐥𝐞𝐜𝐕𝟐𝐏 或 𝐪𝐢𝐧𝐠𝐥𝐨𝐧𝐠 等定时面板，同时支持系统运行环境的签到项目（环境：𝑷𝒚𝒕𝒉𝒐𝒏 3.8+ / 𝑵𝒐𝒅𝒆.𝒋𝒔 10+ / 𝑩𝒂𝒔𝒉 4+ / 𝑶𝒑𝒆𝒏𝑱𝑫𝑲8 / 𝑷𝒆𝒓𝒍5）
perl	mrash/fwknop	https://github.com/mrash/fwknop.git	1395	15555	Single Packet Authorization > Port Knocking
perl	infobyte/evilgrade	https://github.com/infobyte/evilgrade.git	1329	8071	Evilgrade is a modular framework that allows the user to take advantage of poor upgrade implementations by injecting fake updates.
perl	p0pr0ck5/lua-resty-waf	https://github.com/p0pr0ck5/lua-resty-waf.git	1323	1445	High-performance WAF built on the OpenResty stack
perl	jetmore/swaks	https://github.com/jetmore/swaks.git	1321	3253	Swaks - Swiss Army Knife for SMTP
perl	trizen/youtube-viewer	https://github.com/trizen/youtube-viewer.git	1307	3426	Lightweight YouTube client for Linux
perl	sighook/pixload	https://github.com/sighook/pixload.git	1297	118	Image Payload Creating/Injecting tools
perl	brucemiller/LaTeXML	https://github.com/brucemiller/LaTeXML.git	1286	65702	LaTeXML: a TeX and LaTeX to XML/HTML/ePub/MathML translator.
perl	alx-tools/Betty	https://github.com/alx-tools/Betty.git	1259	588	Holberton-style C code checker written in Perl
perl	hexsum/Mojo-Weixin	https://github.com/hexsum/Mojo-Weixin.git	1250	2062	使用Perl语言（不会没关系）编写的个人账号微信/weixin/wechat客户端框架（非GUI），可通过插件提供基于HTTP协议的api接口供其他语言或系统调用
perl	pasky/speedread	https://github.com/pasky/speedread.git	1250	565	A simple terminal-based open source Spritz-alike (per-word RSVP aligned on optimal reading points)
perl	cmatsuoka/asciiquarium	https://github.com/cmatsuoka/asciiquarium.git	1239	108	Enjoy the mysteries of the sea from the safety of your own terminal!
perl	darold/ora2pg	https://github.com/darold/ora2pg.git	1225	14020	Ora2Pg is a free tool used to migrate an Oracle database to a PostgreSQL compatible schema. It connects your Oracle database, scan it automatically and extracts
perl	mikaku/Monitorix	https://github.com/mikaku/Monitorix.git	1206	4895	Monitorix is a free, open source, lightweight system monitoring tool.
perl	creaktive/rainbarf	https://github.com/creaktive/rainbarf.git	1203	160	it's like Rainmeter, but for CLI!
perl	hamishcoleman/thinkpad-ec	https://github.com/hamishcoleman/thinkpad-ec.git	1183	849	Infrastructure for examining and patching Thinkpad embedded controller firmware
perl	bestpractical/rt	https://github.com/bestpractical/rt.git	1137	209582	Request Tracker, an enterprise-grade issue tracking system
perl	lm-sensors/lm-sensors	https://github.com/lm-sensors/lm-sensors.git	1126	20723	lm-sensors repository
perl	k4rthik/git-cal	https://github.com/k4rthik/git-cal.git	1124	518	github like contributions calendar on terminal
perl	wireghoul/dotdotpwn	https://github.com/wireghoul/dotdotpwn.git	1110	88	DotDotPwn - The Directory Traversal Fuzzer
perl	sbwml/halflife-list	https://github.com/sbwml/halflife-list.git	1110	185284	ABP/ublock 广告过滤规则（每周一早上 8 点更新）
perl	asbru-cm/asbru-cm	https://github.com/asbru-cm/asbru-cm.git	1106	8992	Ásbrú Connection Manager is a user interface that helps organizing remote terminal sessions and automating repetitive tasks.
perl	linux-test-project/lcov	https://github.com/linux-test-project/lcov.git	1105	3440	LCOV
perl	andrewning/sortphotos	https://github.com/andrewning/sortphotos.git	1104	2582	SortPhotos is a Python script that organizes photos and videos into folders using date/time information
perl	arboliva/AirChat	https://github.com/arboliva/AirChat.git	1088	919	Free Communications For Everyone.
perl	metabrainz/musicbrainz-server	https://github.com/metabrainz/musicbrainz-server.git	1072	322237	Server for the MusicBrainz project (website, API, database tools)
perl	fletcher/MultiMarkdown	https://github.com/fletcher/MultiMarkdown.git	1072	1973	This project is now deprecated.  Please use MultiMarkdown-7 instead!
perl	hokaccha/nodebrew	https://github.com/hokaccha/nodebrew.git	1067	222	Node.js version manager
perl	aspiers/stow	https://github.com/aspiers/stow.git	1064	1256	GNU Stow - mirror of savannah git repository occasionally with more bleeding-edge branches
perl	winterheart/broadcom-bt-firmware	https://github.com/winterheart/broadcom-bt-firmware.git	1053	1136	Repository for various Broadcom Bluetooth firmware
perl	munin-monitoring/contrib	https://github.com/munin-monitoring/contrib.git	1045	15309	Contributed stuff for munin (plugins, tools, etc...)
perl	idevz/vanilla	https://github.com/idevz/vanilla.git	1038	1906	An OpenResty Lua MVC Web Framework
ada	Lucretia/bare_bones	https://github.com/Lucretia/bare_bones.git	91	105	Ada Bare Bones OS development tutorial source code
ada	MayaPosch/Sarge	https://github.com/MayaPosch/Sarge.git	90	40	Simple command line argument parser for C++ and Ada.
ada	docandrew/CuBit	https://github.com/docandrew/CuBit.git	88	2124	General-purpose, formally-verified, 64-bit operating system in SPARK/Ada for x86-64
ada	cforler/Ada-Crypto-Library	https://github.com/cforler/Ada-Crypto-Library.git	86	30623	This project is obsolete is no longer developed, maintained or serviced!
ada	stcarrez/ada-util	https://github.com/stcarrez/ada-util.git	83	9487	Ada Utility Library - Composing streams, processes, logs, serialization, encoders and more
ada	godunko/adawebpack	https://github.com/godunko/adawebpack.git	81	470	Ada WASM Runtime and Bindings for Web API
ada	wookey-project/ewok-kernel	https://github.com/wookey-project/ewok-kernel.git	80	5366	A secure and high performances microkernel for building secure MCU-based IoTs
ada	simonjwright/FreeRTOS-Ada	https://github.com/simonjwright/FreeRTOS-Ada.git	79	3646	This project contains various GNAT Ada Run Time Systems (RTSs) based on FreeRTOS for MCUs: the Arduino Due, the STM32F4-series evaluation boards from STMicroele
ada	AdaCore/gprbuild	https://github.com/AdaCore/gprbuild.git	79	14058	GPRbuild is an advanced build system designed to help automate the construction of multi-language systems.
ada	Prunt3D/prunt	https://github.com/Prunt3D/prunt.git	78	1410	An advanced motion control system targetted at 3D printers.
ada	janverschelde/PHCpack	https://github.com/janverschelde/PHCpack.git	77	48721	The primary source code repository for PHCpack, a software package to solve polynomial systems with homotopy continuation methods.
ada	OpenAADL/ocarina	https://github.com/OpenAADL/ocarina.git	77	27477	AADL model processor: mappings to code (C, Ada); Petri Nets; scheduling tools (MAST, Cheddar); WCET; REAL
ada	GeneralZDS/FPGA-DCNN-Accelerator	https://github.com/GeneralZDS/FPGA-DCNN-Accelerator.git	73	233468	基于HLS的高效深度卷积神经网络FPGA实现方法
ada	AdaCore/bb-runtimes	https://github.com/AdaCore/bb-runtimes.git	71	5343	Source repository for the GNAT Bare Metal BSPs
ada	AdaCore/svd2ada	https://github.com/AdaCore/svd2ada.git	71	2629	An Ada binding generator from SVD descriptions for bare board ARM devices.
ada	AntonMeep/vaniton	https://github.com/AntonMeep/vaniton.git	71	145	Vanity address generator for The Open Network blockchain wallets
ada	UnstableDesign/AdaCAD-UI	https://github.com/UnstableDesign/AdaCAD-UI.git	66	262342	MIGRATED - AdaCAD is an experimental workspace that applies parametric design to the domain of weave drafting. It supports algorithmic and playful approaches to
ada	OneWingedShark/Byron	https://github.com/OneWingedShark/Byron.git	66	13120	The Byron project is a community-driven Ada compiler, toolchain, and IDE-system.
ada	Fabien-Chouteau/ACNC	https://github.com/Fabien-Chouteau/ACNC.git	65	2409	A G-code parser and CNC controller (in Ada)
ada	serock/pla-util	https://github.com/serock/pla-util.git	62	354	A power line adapter utility for Linux
ada	cubesatlab/cubedos	https://github.com/cubesatlab/cubedos.git	59	12031	A flight software framework in SPARK/Ada
ada	wee-noise-makers/WNM-PGB1-firmware	https://github.com/wee-noise-makers/WNM-PGB1-firmware.git	55	210831	The open-source pocket groovebox
ada	AdaCore/gnatcoll-core	https://github.com/AdaCore/gnatcoll-core.git	54	15526	GNAT Components Collection – Core packages
ada	parasail-lang/parasail	https://github.com/parasail-lang/parasail.git	53	32824	Parallel Specification and Implementation Language
ada	gabriele-galeotti/SweetAda	https://github.com/gabriele-galeotti/SweetAda.git	53	30822	Ada-language framework
ada	jgrivera67/HiRTOS	https://github.com/jgrivera67/HiRTOS.git	52	18505	HiRTOS: a high-integrity multi-core RTOS kernel and separation kernel written in SPARK Ada
ada	lasp/adamant	https://github.com/lasp/adamant.git	48	55404	A model-based flight software framework for Ada
ada	AdaCore/gnatcoverage	https://github.com/AdaCore/gnatcoverage.git	46	35882	GNATcoverage: Coverage Analysis Tool
ada	onox/json-ada	https://github.com/onox/json-ada.git	46	280	An Ada 2012 library for parsing JSON
ada	Nikokrock/ada-lua	https://github.com/Nikokrock/ada-lua.git	45	50	An Ada binding for Lua.
ada	reznikmm/protobuf	https://github.com/reznikmm/protobuf.git	45	522	The Google Protocol Buffers implementation in Ada
ada	alire-project/ada_spark_workflow	https://github.com/alire-project/ada_spark_workflow.git	45	118	A demo of best practices for open-source Ada/SPARK development
ada	JeremyGrosser/rp2040_hal	https://github.com/JeremyGrosser/rp2040_hal.git	45	1562	Ada drivers for the Raspberry Pi RP2040 SoC
ada	jrcarter/Ada_GUI	https://github.com/jrcarter/Ada_GUI.git	45	821	An Ada-oriented GUI
ada	ytomino/drake	https://github.com/ytomino/drake.git	45	8041	Drake: A Runtime Library for gcc-Ada
ada	zslwyuan/PAAS_V1.0	https://github.com/zslwyuan/PAAS_V1.0.git	44	39133	PAAS: A System Level Simulator for Heterogeneous (CPU-FPGA) Computing Systems
ada	dsanson/Words	https://github.com/dsanson/Words.git	44	11132	A Latin-English Dictionary Program
ada	mgrojo/ASFML	https://github.com/mgrojo/ASFML.git	43	11085	Ada binding to the SFML library
ada	Apress/beginning-ada-programming	https://github.com/Apress/beginning-ada-programming.git	43	90	Source Code for 'Beginning Ada Programming' by Andrew T. Shvets
ada	persan/zeromq-Ada	https://github.com/persan/zeromq-Ada.git	42	476	Ada-bindings for 0mq
ada	Haggion/kernel	https://github.com/Haggion/kernel.git	42	372	A kernel for RISCV64 computers written in Ada
ada	damaki/libkeccak	https://github.com/damaki/libkeccak.git	40	18759	SHA-3 and other Keccak related algorithms in SPARK/Ada.
ada	pchapin/tutorialada	https://github.com/pchapin/tutorialada.git	40	366	An Ada tutorial
ada	ajxs/cxos	https://github.com/ajxs/cxos.git	38	830	Operating System development experiment in Ada
ada	edgarsmdn/Aspen_Plus_Python	https://github.com/edgarsmdn/Aspen_Plus_Python.git	38	1486	An example connection between Aspen Plus and Python
ada	kqr/qweyboard	https://github.com/kqr/qweyboard.git	38	957	[HOLD] Qweyboard aims to be a Velotype/Veyboard like experience on a regular standard computer keyboard. I really like this and want to work on it but can't fin
ada	johnperry-math/AoC2023	https://github.com/johnperry-math/AoC2023.git	37	1022	2023 Advent of Code in Ada
ada	stcarrez/ada-keystore	https://github.com/stcarrez/ada-keystore.git	37	5822	Ada Keystore - protect your sensitive data with secure storage
ada	AdaCore/training_material	https://github.com/AdaCore/training_material.git	37	35443	
ada	pmderodat/ada-toml	https://github.com/pmderodat/ada-toml.git	37	139	TOML parser for Ada
ada	raph-amiard/ada-synth-lib	https://github.com/raph-amiard/ada-synth-lib.git	36	169	Simple audio synthesis library
ada	jrcarter/PragmARC	https://github.com/jrcarter/PragmARC.git	36	909	The PragmAda Reusable Components
ada	Hazrat-Ali9/Car-Assistant	https://github.com/Hazrat-Ali9/Car-Assistant.git	36	416	🚗 Car Assistant 🤢 Your Smart 🥶 Driving Companion 👽 Powered by Code 🤖 Fuel Tracking 👹Service Reminders 🤡 Trip History 🙉 Voice Commands 🙆‍♂️ and Navigation 🥷 Help
ada	zertovitch/zip-ada	https://github.com/zertovitch/zip-ada.git	35	22126	Zip-Ada: a standalone, portable pure Ada library for .zip archives. Includes LZMA and BZip2 byte stream encoder & decoder pairs.
ada	jrmarino/AdaBase	https://github.com/jrmarino/AdaBase.git	35	1440	Thick database bindings to MySQL, PostgreSQL and SQLite for Ada
ada	Blunk-electronic/M-1	https://github.com/Blunk-electronic/M-1.git	35	33469	An OpenSource Boundary Scan Test System (JTAG / IEEE1149.x)
ada	Fabien-Chouteau/eagle-lander	https://github.com/Fabien-Chouteau/eagle-lander.git	34	802	Apollo 11 lunar lander simulator (Ada/Gtk/Cairo)
ada	zertovitch/lea	https://github.com/zertovitch/lea.git	33	6257	LEA is a Lightweight Editor for Ada
ada	BrentSeidel/Ada-Lisp	https://github.com/BrentSeidel/Ada-Lisp.git	33	9866	Tiny Lisp Interpreter Written in Ada
ada	Licheng-Guo/vivado-hls-broadcast-optimization	https://github.com/Licheng-Guo/vivado-hls-broadcast-optimization.git	32	11320	[DAC 2020] Analysis and Optimization of the Implicit Broadcasts in FPGA HLS to Improve Maximum Frequency
ada	alkhimey/Ada_Kernel_Module_Framework	https://github.com/alkhimey/Ada_Kernel_Module_Framework.git	32	439	Framework for writing Linux kernel modules in Ada
ada	ellamosi/gade	https://github.com/ellamosi/gade.git	32	1780	A Game Boy emulation library in Ada
ada	AdaCore/startup-gen	https://github.com/AdaCore/startup-gen.git	32	361	A startup code generator for embedded projects
ada	stcarrez/swagger-ada	https://github.com/stcarrez/swagger-ada.git	31	158087	Ada support for OpenAPI code generator
ada	pmunts/muntsos	https://github.com/pmunts/muntsos.git	31	330341	MuntsOS Embedded Linux
ada	stcarrez/ada-ado	https://github.com/stcarrez/ada-ado.git	30	7349	Ada Database Objects
ada	RavSS/HAVK	https://github.com/RavSS/HAVK.git	29	8813	An attempt at a minimalistic and secure operating system.
ada	AdaCore/xmlada	https://github.com/AdaCore/xmlada.git	29	8645	The XML/Ada toolkit.
ada	samueltardieu/aforth	https://github.com/samueltardieu/aforth.git	28	256	Embeddable Forth interpreter written in Ada
ada	zertovitch/gid	https://github.com/zertovitch/gid.git	28	51557	GID (Generic Image Decoder): a standalone, portable generic Ada package for decoding images 
ada	karakalo/lumen	https://github.com/karakalo/lumen.git	28	4365	OpenGL GUI toolkit library for Ada
ada	jscparker/math_packages	https://github.com/jscparker/math_packages.git	28	600	Collection of basic math routines in Ada
ada	LionelDraghi/bbt	https://github.com/LionelDraghi/bbt.git	27	96030	Simple to use cross-platform BDD driver for black box testing
ada	yet-another-static-site-generator/yass	https://github.com/yet-another-static-site-generator/yass.git	27	761	Yet Another Static Site (Generator)
ada	GuillermoHazebrouck/gnav	https://github.com/GuillermoHazebrouck/gnav.git	27	71181	G-NAV is a soaring computer for Linux OS, written in Ada and powered by OpenGL (ES) and either GLFW or SDL. It runs native on Raspberry Pi and similar ARM board
lua	Openwrt-Passwall/openwrt-passwall	https://github.com/Openwrt-Passwall/openwrt-passwall.git	9815	24727	
lua	hrsh7th/nvim-cmp	https://github.com/hrsh7th/nvim-cmp.git	9476	952	A completion plugin for neovim coded in Lua.
lua	nvim-mini/mini.nvim	https://github.com/nvim-mini/mini.nvim.git	9400	13036	Library of 45+ independent Lua modules improving Neovim experience with minimal effort
lua	ThePrimeagen/harpoon	https://github.com/ThePrimeagen/harpoon.git	9166	2747	
lua	Sjj1024/PakePlus-Android	https://github.com/Sjj1024/PakePlus-Android.git	9130	20917	Turn any webpage/HTML/Vue/React and so on into desktop and mobile app under 5M with easy in few minutes. 轻松将任意网站/HTML/Vue/React等项目构建为轻量级(小于5M)多端桌面应用和手机应用仅需几分钟. 
lua	nvim-tree/nvim-tree.lua	https://github.com/nvim-tree/nvim-tree.lua.git	8610	6125	A file explorer tree for neovim written in lua
lua	rxi/lite	https://github.com/rxi/lite.git	8202	10262	A lightweight text editor written in Lua
lua	folke/tokyonight.nvim	https://github.com/folke/tokyonight.nvim.git	8139	2113	🏙  A clean, dark Neovim theme written in Lua, with support for lsp, treesitter and lots of plugins. Includes additional themes for Kitty, Alacritty, iTerm and F
lua	wbthomason/packer.nvim	https://github.com/wbthomason/packer.nvim.git	8100	1409	A use-package inspired plugin manager for Neovim. Uses native packages, supports Luarocks dependencies, written in Lua, allows for expressive config
lua	nvim-lualine/lualine.nvim	https://github.com/nvim-lualine/lualine.nvim.git	8062	1552	A blazing fast and easy to configure neovim statusline plugin written in pure lua.
lua	folke/snacks.nvim	https://github.com/folke/snacks.nvim.git	7903	15589	🍿 A collection of QoL plugins for Neovim
lua	catppuccin/nvim	https://github.com/catppuccin/nvim.git	7539	3382	🍨 Soothing pastel theme for Neovim
lua	nvim-neorg/neorg	https://github.com/nvim-neorg/neorg.git	7478	4844	Modernity meets insane extensibility. The future of organizing your life in Neovim.
lua	folke/which-key.nvim	https://github.com/folke/which-key.nvim.git	7231	946	💥   Create key bindings that stick. WhichKey helps you remember your Neovim keymaps, by showing available keybindings in a popup as you type.
lua	mfussenegger/nvim-dap	https://github.com/mfussenegger/nvim-dap.git	7199	882	Debug Adapter Protocol client implementation for Neovim
lua	lewis6991/gitsigns.nvim	https://github.com/lewis6991/gitsigns.nvim.git	6995	3282	Git integration for buffers
lua	folke/trouble.nvim	https://github.com/folke/trouble.nvim.git	6873	1620	🚦 A pretty diagnostics, references, telescope results, quickfix and location list to help you solve all the trouble your code is causing.
lua	stevearc/oil.nvim	https://github.com/stevearc/oil.nvim.git	6783	757	Neovim file explorer: edit your filesystem like a buffer
lua	olimorris/codecompanion.nvim	https://github.com/olimorris/codecompanion.nvim.git	6761	9760	✨ AI Coding, Vim Style
lua	saghen/blink.cmp	https://github.com/saghen/blink.cmp.git	6474	4292	Performant, batteries-included completion plugin for Neovim 
lua	rebelot/kanagawa.nvim	https://github.com/rebelot/kanagawa.nvim.git	6286	4485	NeoVim dark colorscheme inspired by the colors of the famous painting by Katsushika Hokusai.
lua	lite-xl/lite-xl	https://github.com/lite-xl/lite-xl.git	6278	17163	A lightweight text editor written in Lua
lua	epwalsh/obsidian.nvim	https://github.com/epwalsh/obsidian.nvim.git	6160	1392	Obsidian 🤝 Neovim
lua	lsyncd/lsyncd	https://github.com/lsyncd/lsyncd.git	6061	2082	Lsyncd (Live Syncing Daemon) synchronizes local directories with remote targets
lua	alexazhou/VeryNginx	https://github.com/alexazhou/VeryNginx.git	5981	642	 A very powerful and friendly  nginx base on lua-nginx-module( openresty ) which provide WAF, Control Panel, and Dashboards. 
lua	folke/noice.nvim	https://github.com/folke/noice.nvim.git	5791	1917	💥 Highly experimental plugin that completely replaces the UI for messages, cmdline and the popupmenu.
lua	sindrets/diffview.nvim	https://github.com/sindrets/diffview.nvim.git	5726	1768	Single tabpage interface for easily cycling through diffs for all modified files for any git rev.
lua	LunarVim/Neovim-from-scratch	https://github.com/LunarVim/Neovim-from-scratch.git	5577	197	📚 A Neovim config designed from scratch to be understandable
lua	akinsho/toggleterm.nvim	https://github.com/akinsho/toggleterm.nvim.git	5568	1932	A neovim lua plugin to help easily manage multiple terminal windows
lua	NeogitOrg/neogit	https://github.com/NeogitOrg/neogit.git	5552	5499	An interactive and powerful Git interface for Neovim, inspired by Magit
lua	nvim-neo-tree/neo-tree.nvim	https://github.com/nvim-neo-tree/neo-tree.nvim.git	5550	2470	Neovim plugin to manage the file system and other tree like structures.
lua	stevearc/conform.nvim	https://github.com/stevearc/conform.nvim.git	5277	972	Lightweight yet powerful formatter plugin for Neovim
lua	lukas-reineke/indent-blankline.nvim	https://github.com/lukas-reineke/indent-blankline.nvim.git	4990	355	Indent guides  for Neovim
lua	liuzhuang13/DenseNet	https://github.com/liuzhuang13/DenseNet.git	4866	1304	Densely Connected Convolutional Networks, In CVPR 2017 (Best Paper Award).
lua	MeanderingProgrammer/render-markdown.nvim	https://github.com/MeanderingProgrammer/render-markdown.nvim.git	4845	18723	Improve viewing Markdown in Neovim
lua	Mintimate/oh-my-rime	https://github.com/Mintimate/oh-my-rime.git	4801	397564	The Simple Config Template Of Rime By Mintimate.  
lua	ThePrimeagen/99	https://github.com/ThePrimeagen/99.git	4746	463	Neovim AI agent done right
lua	numToStr/Comment.nvim	https://github.com/numToStr/Comment.nvim.git	4658	375	:brain: :muscle: // Smart and powerful comment plugin for neovim. Supports treesitter, dot repeat, left-right/up-down motions, hooks, and more
lua	ThePrimeagen/vim-be-good	https://github.com/ThePrimeagen/vim-be-good.git	4512	353	vim-be-good is a nvim plugin designed to make you better at Vim Movements. 
lua	CorsixTH/CorsixTH	https://github.com/CorsixTH/CorsixTH.git	4506	41124	Open source clone of Theme Hospital
lua	L3MON4D3/LuaSnip	https://github.com/L3MON4D3/LuaSnip.git	4396	8511	Snippet Engine for Neovim written in Lua.
lua	ibhagwan/fzf-lua	https://github.com/ibhagwan/fzf-lua.git	4384	4696	Improved fzf.vim written in lua
lua	jcjohnson/fast-neural-style	https://github.com/jcjohnson/fast-neural-style.git	4356	19096	Feedforward style transfer
lua	akinsho/bufferline.nvim	https://github.com/akinsho/bufferline.nvim.git	4354	4930	A snazzy bufferline for Neovim
lua	LuaLS/lua-language-server	https://github.com/LuaLS/lua-language-server.git	4323	27726	A language server that offers Lua language support - programmed in Lua
lua	kylechui/nvim-surround	https://github.com/kylechui/nvim-surround.git	4251	419	Add/change/delete surrounding delimiter pairs with ease. Written with :heart: in Lua.
lua	folke/todo-comments.nvim	https://github.com/folke/todo-comments.nvim.git	4184	221	✅  Highlight, list and search todo comments in your projects
lua	folke/flash.nvim	https://github.com/folke/flash.nvim.git	4175	674	Navigate your code with search labels, enhanced character motions and Treesitter integration
lua	josean-dev/dev-environment-files	https://github.com/josean-dev/dev-environment-files.git	4098	11035	
lua	zbirenbaum/copilot.lua	https://github.com/zbirenbaum/copilot.lua.git	4090	379916	Fully featured & enhanced replacement for copilot.vim complete with API for interacting with Github Copilot
lua	windwp/nvim-autopairs	https://github.com/windwp/nvim-autopairs.git	4067	875	autopairs for neovim written in lua
lua	EdenEast/nightfox.nvim	https://github.com/EdenEast/nightfox.nvim.git	4050	1569	🦊A highly customizable theme for vim and neovim with support for lsp, treesitter and a variety of plugins.
lua	loveshell/ngx_lua_waf	https://github.com/loveshell/ngx_lua_waf.git	4026	192	ngx_lua_waf是一个基于lua-nginx-module(openresty)的web应用防火墙
lua	ThePrimeagen/init.lua	https://github.com/ThePrimeagen/init.lua.git	4024	4601	
lua	jackMort/ChatGPT.nvim	https://github.com/jackMort/ChatGPT.nvim.git	3997	12079	ChatGPT Neovim Plugin: Effortless Natural Language Generation with OpenAI's ChatGPT API
lua	VonHeikemen/lsp-zero.nvim	https://github.com/VonHeikemen/lsp-zero.nvim.git	3979	1028	A starting point to setup some lsp related features in neovim.
lua	luvit/luvit	https://github.com/luvit/luvit.git	3958	5654	Lua + libUV + jIT = pure awesomesauce
lua	mason-org/mason-lspconfig.nvim	https://github.com/mason-org/mason-lspconfig.nvim.git	3926	662	Extension to mason.nvim that makes it easier to use lspconfig with mason.nvim.
lua	nvim-orgmode/orgmode	https://github.com/nvim-orgmode/orgmode.git	3852	2948	Orgmode clone written in Lua for Neovim 0.11.0+.
lua	m4xshen/hardtime.nvim	https://github.com/m4xshen/hardtime.nvim.git	3825	185	Break bad habits, master Vim motions
fortran	JuliaPackaging/Yggdrasil	https://github.com/JuliaPackaging/Yggdrasil.git	401	153744	Collection of builder repositories for BinaryBuilder.jl
fortran	libAtoms/QUIP	https://github.com/libAtoms/QUIP.git	399	209905	libAtoms/QUIP molecular dynamics framework: https://libatoms.github.io
fortran	jacobwilliams/json-fortran	https://github.com/jacobwilliams/json-fortran.git	378	218157	A Modern Fortran JSON API
fortran	rouyang2017/SISSO	https://github.com/rouyang2017/SISSO.git	369	4019	A data-driven method combining symbolic regression and compressed sensing for accurate & interpretable models.
fortran	m3g/packmol	https://github.com/m3g/packmol.git	363	11920	Packmol - Initial configurations for molecular dynamics simulations
fortran	USEPA/CMAQ	https://github.com/USEPA/CMAQ.git	362	111782	Code for U.S. EPA’s Community Multiscale Air Quality Model (CMAQ) for estimating ozone, particulates, toxics, and deposition of acids and nutrients at neighborh
fortran	MODFLOW-ORG/modflow6	https://github.com/MODFLOW-ORG/modflow6.git	362	34762	USGS Modular Hydrologic Model
fortran	ucns3d-team/UCNS3D	https://github.com/ucns3d-team/UCNS3D.git	356	136676	Unstructured Compressible Navier Stokes 3D code (UCNS3D) 
fortran	ESCOMP/CTSM	https://github.com/ESCOMP/CTSM.git	353	53279	Community Terrestrial Systems Model (includes the Community Land Model of CESM)
fortran	opencollab/arpack-ng	https://github.com/opencollab/arpack-ng.git	350	2713	Collection of Fortran77 subroutines designed to solve large scale eigenvalue problems.
fortran	NOAA-EMC/WW3	https://github.com/NOAA-EMC/WW3.git	343	86524	WAVEWATCH III
fortran	nasa/CFL3D	https://github.com/nasa/CFL3D.git	341	119552	
fortran	crest-lab/crest	https://github.com/crest-lab/crest.git	337	1931	CREST - A program for the automated exploration of low-energy molecular chemical space.
fortran	quanshengwu/wannier_tools	https://github.com/quanshengwu/wannier_tools.git	335	275291	WannierTools: An open-source software package for novel topological materials. Full documentation:
fortran	mdolab/adflow	https://github.com/mdolab/adflow.git	325	34291	ADflow is a finite volume RANS solver tailored for gradient-based aerodynamic design optimization.
fortran	astrofrog/fortranlib	https://github.com/astrofrog/fortranlib.git	319	299	Collection of personal scientific routines in Fortran :book:
fortran	MPAS-Dev/MPAS-Model	https://github.com/MPAS-Dev/MPAS-Model.git	310	48171	Repository for MPAS models and shared framework releases.
fortran	cdslaborg/paramonte	https://github.com/cdslaborg/paramonte.git	307	59392	ParaMonte: Parallel Monte Carlo and Machine Learning Library for Python, MATLAB, Fortran, C++, C.
fortran	TarletonGroup/CrystalPlasticity	https://github.com/TarletonGroup/CrystalPlasticity.git	306	25748	CP UMAT and CZM UEL for Abaqus
fortran	ct6502/wavelets	https://github.com/ct6502/wavelets.git	302	3109	Torrence & Compo Wavelet Analysis Software
fortran	vmagnin/gtk-fortran	https://github.com/vmagnin/gtk-fortran.git	289	19956	A GTK / Fortran binding, and its documentation (in the Wiki tab).
fortran	flexi-framework/flexi	https://github.com/flexi-framework/flexi.git	285	79612	FLEXI: A high order discontinuous Galerkin framework for hyperbolic–parabolic conservation laws
fortran	spacepy/spacepy	https://github.com/spacepy/spacepy.git	273	91783	Space Science library for Python - contains superposed epoch classes, drift shell tracing, access to magnetic field models, streamline tracing, bootstrap confid
fortran	CaNS-World/CaNS	https://github.com/CaNS-World/CaNS.git	271	1336	A code for fast, massively-parallel direct numerical simulations (DNS) of canonical flows
fortran	Unidata/netcdf-fortran	https://github.com/Unidata/netcdf-fortran.git	269	15863	Official GitHub repository for netCDF-Fortran libraries, which depend on the netCDF C library.  Install the netCDF C library first. 
fortran	sourceryinstitute/OpenCoarrays	https://github.com/sourceryinstitute/OpenCoarrays.git	268	8950	A parallel application binary interface for Fortran 2018 compilers. 
fortran	wrf-model/WPS	https://github.com/wrf-model/WPS.git	263	6357	The official repository for the WRF Preprocessing System (WPS)
fortran	flame/libflame	https://github.com/flame/libflame.git	254	32867	High-performance object-based library for DLA computations
fortran	cmbant/CAMB	https://github.com/cmbant/CAMB.git	254	169333	Code for Anisotropies in the Microwave Background
fortran	epochpic/epoch	https://github.com/epochpic/epoch.git	252	17032	Particle-in-cell code for plasma physics simulations
fortran	pierrehirel/atomsk	https://github.com/pierrehirel/atomsk.git	251	5291	Atomsk: A Tool For Manipulating And Converting Atomic Data Files - 
fortran	ROCm/aomp	https://github.com/ROCm/aomp.git	246	16030	AOMP is an open source Clang/LLVM based compiler with added support for the OpenMP® API on Radeon™ GPUs.   Use this repository for releases, issues, documentati
fortran	MESAHub/mesa	https://github.com/MESAHub/mesa.git	244	156969	Modules for Experiments in Stellar Astrophysics
fortran	ylikx/forpy	https://github.com/ylikx/forpy.git	243	1516	Forpy - use Python from Fortran
fortran	NCAR/wrf_hydro_nwm_public	https://github.com/NCAR/wrf_hydro_nwm_public.git	242	30714	WRF-Hydro model code
fortran	sundmanbo/opencalphad	https://github.com/sundmanbo/opencalphad.git	241	138961	Open Calphad, thermodynamic calculation code
fortran	jgomezc1/ABAQUS-US	https://github.com/jgomezc1/ABAQUS-US.git	241	407	A variety of ABAQUS user element (UELs) and user material (UMATs) subroutines
fortran	pencil-code/pencil-code	https://github.com/pencil-code/pencil-code.git	240	397287	A high-order finite-difference code for compressible hydrodynamic flows with magnetic fields and particles
fortran	geoschem/geos-chem	https://github.com/geoschem/geos-chem.git	235	106701	GEOS-Chem "Science Codebase" repository.  Contains GEOS-Chem science routines, run directory generation scripts, and interface code.  This repository is used as
fortran	dftd4/dftd4	https://github.com/dftd4/dftd4.git	228	2025	Generally Applicable Atomic-Charge Dependent London Dispersion Correction 
fortran	DSSAT/dssat-csm-os	https://github.com/DSSAT/dssat-csm-os.git	226	54020	DSSAT Cropping System Model
fortran	certik/fortran-utils	https://github.com/certik/fortran-utils.git	226	202	Various utilities for Fortran programs
fortran	davidrpugh/pyeconomics	https://github.com/davidrpugh/pyeconomics.git	225	14606	Computational economics in Python
fortran	ammarkh95/ABAQUS_PDALAC	https://github.com/ammarkh95/ABAQUS_PDALAC.git	224	114039	Development of the Failure Criteria for Composites using ABAQUS Subroutines (UMAT/VUMAT)
fortran	jacobwilliams/pyplot-fortran	https://github.com/jacobwilliams/pyplot-fortran.git	222	889	For generating plots from Fortran using Python's matplotlib.pyplot 📈
fortran	mom-ocean/MOM6	https://github.com/mom-ocean/MOM6.git	220	71189	Modular Ocean Model
fortran	tblite/tblite	https://github.com/tblite/tblite.git	213	3641	Light-weight tight-binding framework
fortran	xzhang66/MPM3D-F90	https://github.com/xzhang66/MPM3D-F90.git	212	7655	MPM3D-F90: An open source code for three dimensional material point method.
fortran	xcompact3d/Incompact3d	https://github.com/xcompact3d/Incompact3d.git	212	179600	Current CPU version of our solver for the Navier-Stokes equations
fortran	esmf-org/esmf	https://github.com/esmf-org/esmf.git	211	160245	The Earth System Modeling Framework (ESMF) is a suite of software tools for developing high-performance, multi-component Earth science modeling applications.
fortran	SciFortran/SciFortran	https://github.com/SciFortran/SciFortran.git	208	64253	An open-source Fortran library for mathematics, science and engineering (*in a way* just like scipy for python)
fortran	jacobwilliams/Fortran-Astrodynamics-Toolkit	https://github.com/jacobwilliams/Fortran-Astrodynamics-Toolkit.git	208	3418	A Modern Fortran Library for Astrodynamics 🚀
fortran	davidmorinNTNU/ABAQUS_subroutines	https://github.com/davidmorinNTNU/ABAQUS_subroutines.git	207	8745	A repository of ABAQUS FORTRAN subroutines
fortran	Goddard-Fortran-Ecosystem/pFUnit	https://github.com/Goddard-Fortran-Ecosystem/pFUnit.git	204	13004	Parallel Fortran Unit Testing Framework
fortran	Cambridge-ICCS/FTorch	https://github.com/Cambridge-ICCS/FTorch.git	202	16558	A library for directly calling PyTorch ML models from Fortran.
fortran	certik/fastGPT	https://github.com/certik/fastGPT.git	199	215	Fast GPT-2 inference written in Fortran
fortran	brli3/CFD	https://github.com/brli3/CFD.git	198	7947	Basic Computational Fluid Dynamics (CFD) schemes implemented in FORTRAN using Finite-Volume and Finite-Difference Methods. Sample simulations and figures are pr
fortran	Dhondtguido/CalculiX	https://github.com/Dhondtguido/CalculiX.git	194	26468	This repository contains the source files of CalculiX, a three-dimensional Finite Element Program (www.calculix.de).
fortran	ufs-community/ufs-weather-model	https://github.com/ufs-community/ufs-weather-model.git	192	85472	UFS Weather Model
fortran	scientific-computing/FKB	https://github.com/scientific-computing/FKB.git	188	355	A two-way deep learning bridge between Keras and Fortran
cobol	victorqribeiro/perceptronCobol	https://github.com/victorqribeiro/perceptronCobol.git	77	19	A perceptron written in COBOL
cobol	krisds/koopa	https://github.com/krisds/koopa.git	57	20870	Koopa (COBOL) Parser Generator
cobol	navikt/DSF	https://github.com/navikt/DSF.git	56	5750	Det Sentrale Folketrygdsystemet
cobol	continuous-copilot/modernize-legacy-cobol-app	https://github.com/continuous-copilot/modernize-legacy-cobol-app.git	44	1478	This is a repository to modernizing a legacy software project written in Cobol using GitHub Copilot
cobol	IBM/zOS-Client-Web-Enablement-Toolkit	https://github.com/IBM/zOS-Client-Web-Enablement-Toolkit.git	41	4722	
cobol	cloudflare/cobol-worker	https://github.com/cloudflare/cobol-worker.git	40	430	
cobol	etalab/taxe-fonciere	https://github.com/etalab/taxe-fonciere.git	39	75	Code source des taxes foncières
cobol	qgevans/WOPO	https://github.com/qgevans/WOPO.git	38	113	IRC bot in COBOL-74
cobol	cicsdev/cics-genapp	https://github.com/cicsdev/cics-genapp.git	38	264	Sample General Insurance Application (GenApp) for CICS® TS
cobol	ShaunLawrie/TicTacTOBOL	https://github.com/ShaunLawrie/TicTacTOBOL.git	33	17466	❎ A basic "game" in COBOL for learning
cobol	skills/modernize-your-legacy-code-with-github-copilot	https://github.com/skills/modernize-your-legacy-code-with-github-copilot.git	32	364	Modernize a school's legacy accounting system from Cobol to Node.js with the help of GitHub Copilot.
cobol	mishmanners/GitHub-Like-A-Boss	https://github.com/mishmanners/GitHub-Like-A-Boss.git	30	27742	Repo for demoing live content
cobol	RocketSoftware/cobol-fundamentals-training	https://github.com/RocketSoftware/cobol-fundamentals-training.git	29	78	
cobol	RocketSoftwareCOBOLandMainframe/BankDemo	https://github.com/RocketSoftwareCOBOLandMainframe/BankDemo.git	29	16998	This project provides tutorials and demonstrations of features in the Rocket® Enterprise Developer and Rocket® Enterprise Server products. 
cobol	xawt/cobold-cli	https://github.com/xawt/cobold-cli.git	29	326	Summon AI from the depths of legacy systems.
cobol	phanikiran99/myMainframe	https://github.com/phanikiran99/myMainframe.git	27	33	Basic Mainframe Programs to start with
cobol	walmartlabs/zECS	https://github.com/walmartlabs/zECS.git	26	61	z/OS-based Enterprise Cache Service
cobol	willdoescode/hello-world	https://github.com/willdoescode/hello-world.git	26	156	Hello World
cobol	Emzilla-01/COBOL	https://github.com/Emzilla-01/COBOL.git	26	38	exercises from IBM Mainframes training - COBOL, JCL, DB2
cobol	EstesE/COBOL	https://github.com/EstesE/COBOL.git	24	164	Old COBOL programs (Westfield State College)
cobol	TIdasantigas/cobol	https://github.com/TIdasantigas/cobol.git	24	4273	CRUD em COBOL usando GnuCOBOL
cobol	morecobol/docker-gnucobol	https://github.com/morecobol/docker-gnucobol.git	24	5	:floppy_disk: Docker Container with GNU Cobol pre-built
cobol	raphaelfrei/cobol-apps	https://github.com/raphaelfrei/cobol-apps.git	24	2163	Apps created with COBOL
cobol	IBM/Bank-of-Z	https://github.com/IBM/Bank-of-Z.git	23	21518	Sample Z application showing how to work with mainframe software.
cobol	lucapiccinelli/array	https://github.com/lucapiccinelli/array.git	23	108	COBOL implementation of dynamic array data structure
cobol	ttaulli/Modern-mainframe-development	https://github.com/ttaulli/Modern-mainframe-development.git	22	183	This includes the coding and resources for the book, Modern Mainframe Development.
cobol	TheHittosLab/COBOL-Files-Program	https://github.com/TheHittosLab/COBOL-Files-Program.git	22	24	COBOL COURSE
cobol	gbeine/COBOLUnit	https://github.com/gbeine/COBOLUnit.git	21	280	COBOLUnit is a unit testing framework for OpenCOBOL (fork)
cobol	addinall/COBWEB	https://github.com/addinall/COBWEB.git	20	2660	A RESPONSIVE HTML5/CSS3 Javascript free Framework for COBOL systems
cobol	majormilan/cobweb	https://github.com/majormilan/cobweb.git	20	46	
cobol	BluAge/ServerlessCOBOLforAWS	https://github.com/BluAge/ServerlessCOBOLforAWS.git	20	15404	Documentation, samples and VSCode plugin for the Serverless COBOL for AWS solution from BluAge
cobol	vernieri/CoBanking	https://github.com/vernieri/CoBanking.git	20	107	Some Cobol Code
cobol	ve3wwg/cobcurses	https://github.com/ve3wwg/cobcurses.git	19	1428	Cobcurses (migrated from SF)
cobol	DillonDepeel/Cobol-Programming-Collection	https://github.com/DillonDepeel/Cobol-Programming-Collection.git	19	69721	The COBOL Program Collection is dedicated to preserving games and software written in COBOL and the COBOL Programming language.
cobol	GaloisGirl/Coding	https://github.com/GaloisGirl/Coding.git	18	101	Coding for fun
cobol	INFINITE-TECHNOLOGY/COBOL	https://github.com/INFINITE-TECHNOLOGY/COBOL.git	18	4346	Groovy Cobol Transpiler, Runtime environment and API
cobol	whatweretheythinking/the-most-unexpected-project-ever	https://github.com/whatweretheythinking/the-most-unexpected-project-ever.git	18	30	Discord bot written entirely* in Cobol.  For science.
cobol	IonicaBizau/node-cobol-promises	https://github.com/IonicaBizau/node-cobol-promises.git	16	51	:bridge_at_night: COBOL bridge for NodeJS with promises support.
cobol	lewisjb/snek	https://github.com/lewisjb/snek.git	15	5	Snake implemented in COBOL using ncurses
cobol	thospfuller/rcoboldi	https://github.com/thospfuller/rcoboldi.git	15	23733	R COBOL DI (Data Integration) Package : Import COBOL CopyBook data files directly into R as properly structured data frames.
cobol	maxmash1/copilot-workshop	https://github.com/maxmash1/copilot-workshop.git	14	59	Use GitHub Copilot for development, analysis and more.
cobol	onepointconsulting/cobol-converter	https://github.com/onepointconsulting/cobol-converter.git	14	191	Simple Cobol Converter based on agents
cobol	ghuntley/cobol-emoji-rpn-calculator	https://github.com/ghuntley/cobol-emoji-rpn-calculator.git	14	7	A Emoji Reverse Polish Notation Calculator written in COBOL.
cobol	fzn0x/core-banking-system	https://github.com/fzn0x/core-banking-system.git	14	94	This is a demonstration of a simplified Core Banking System implemented in COBOL.
cobol	KnowledgePending/COBOL-Fibonacci-Sequence	https://github.com/KnowledgePending/COBOL-Fibonacci-Sequence.git	14	16	🌀🖥️ The Fibonacci Sequence Implemented in COBOL
cobol	AnthonyBorton/copilotx	https://github.com/AnthonyBorton/copilotx.git	13	18	Anthony's CopilotX demonstrations
cobol	askadian/CobolJsonParser	https://github.com/askadian/CobolJsonParser.git	13	3	A cobol code to Parse a JSON String
cobol	leandromoh/COBOL	https://github.com/leandromoh/COBOL.git	12	12304	Exercicios de COBOL da FATEC-SP - Linguagem de Programação I - Prof. Hiromasa Nagata
cobol	Nacho512/COBOL-LIBRARIES	https://github.com/Nacho512/COBOL-LIBRARIES.git	12	34	A repostory with several COBOL libraries [intended to be used with the latest COBOL standard], each containing a number of very useful functions which a COBOL u
cobol	swichblade/Go-golang-calls-COBOL-program	https://github.com/swichblade/Go-golang-calls-COBOL-program.git	12	2	Demonstration how Go (golang) calls an existing COBOL program with input data
cobol	opensourcecobol/opensource-cobol-devel	https://github.com/opensourcecobol/opensource-cobol-devel.git	11	9	opensource COBOL SMAPLES with Open COBOL ESQL on docker-compose
cobol	wxwisiasdf/cobol-pc86	https://github.com/wxwisiasdf/cobol-pc86.git	11	74	Running COBOL on the wild!? No OS required, works with multiboot
cobol	bartenbach/cobol-school	https://github.com/bartenbach/cobol-school.git	11	116	COBOL assignments
cobol	gdorsi44/cobol-mainframe-and-so-on	https://github.com/gdorsi44/cobol-mainframe-and-so-on.git	11	45	This repository was born during my training taught by Mr Uday Prasad in Open Mainframe Community.
